timestamp,latitude,longitude,traffic_volume,avg_speed_kmh,congestion_level,road_id,city
2025-07-26 09:28:12.516681,28.663571415301124,77.3489355436586,100.3,24.9,Medium,RD_000,Delhi
2025-07-26 10:28:12.516681,28.600073569882884,77.30146336829128,25.0,44.5,Low,RD_001,Delhi
2025-07-26 11:28:12.516681,28.67866885381007,77.21496303699202,22.0,45.4,Low,RD_002,Delhi
2025-07-26 12:28:12.516681,28.766202985640803,77.14430632222944,28.0,53.6,Low,RD_003,Delhi
2025-07-26 13:28:12.516681,28.59048466252767,77.27882233136137,59.0,33.3,Low,RD_004,Delhi
2025-07-26 14:28:12.516681,28.590486304305085,77.24834853854217,59.0,50.3,Low,RD_005,Delhi
2025-07-26 15:28:12.516681,28.77182128155074,77.29851932200278,52.0,49.4,Low,RD_006,Delhi
2025-07-26 16:28:12.516681,28.69064347291529,77.2725171801682,16.0,52.2,Low,RD_007,Delhi
2025-07-26 17:28:12.516681,28.566952561406506,77.31395527153194,94.19999999999999,30.7,Medium,RD_008,Delhi
2025-07-26 18:28:12.516681,28.668156004358597,77.15547647884395,97.5,21.8,Medium,RD_009,Delhi
2025-07-26 19:28:12.516681,28.567558230718756,77.34073940656343,75.69999999999999,39.3,Low,RD_010,Delhi
2025-07-26 20:28:12.516681,28.567327024642974,77.22875996046925,61.0,32.7,Low,RD_011,Delhi
2025-07-26 21:28:12.516681,28.638096227156606,77.41652608726253,53.0,36.1,Low,RD_012,Delhi
2025-07-26 22:28:12.516681,28.422571975534222,77.14008121819104,27.9,54.6,Low,RD_013,Delhi
2025-07-26 23:28:12.516681,28.441408216748698,77.38259638031653,43.099999999999994,43.1,Low,RD_014,Delhi
2025-07-27 00:28:12.516681,28.557671247075902,77.22879107834626,53.0,34.1,Low,RD_015,Delhi
2025-07-27 01:28:12.516681,28.51261688796656,77.14385819963856,52.199999999999996,46.3,Low,RD_016,Delhi
2025-07-27 02:28:12.516681,28.645324733259528,77.16061141659458,33.0,58.1,Low,RD_017,Delhi
2025-07-27 03:28:12.516681,28.52309759244788,77.17696526918057,41.8,53.5,Low,RD_018,Delhi
2025-07-27 04:28:12.516681,28.472669629866473,77.25141659464019,38.4,47.5,Low,RD_019,Delhi
2025-07-27 05:28:12.516681,28.760464876892158,77.26128354880355,42.3,44.3,Low,RD_020,Delhi
2025-07-27 06:28:12.516681,28.591322369951346,77.15162999960614,34.0,56.8,Low,RD_021,Delhi
2025-07-27 07:28:12.516681,28.620652820468795,77.20656454077391,108.1,30.6,Medium,RD_022,Delhi
2025-07-27 08:28:12.516681,28.471425181378656,77.42322703586119,80.1,29.0,Medium,RD_023,Delhi
2025-07-27 09:28:12.516681,28.559461727547482,77.38175431701008,80.39999999999999,32.9,Medium,RD_024,Delhi
2025-07-27 10:28:12.516681,28.624992258970988,77.2526323669674,32.0,51.4,Low,RD_025,Delhi
2025-07-27 11:28:12.516681,28.49880064225777,77.21280034781682,45.0,49.5,Low,RD_026,Delhi
2025-07-27 12:28:12.516681,28.65146980183457,77.22100313267183,48.0,52.6,Low,RD_027,Delhi
2025-07-27 13:28:12.516681,28.553836131008122,77.27035179727305,48.0,45.6,Low,RD_028,Delhi
2025-07-27 14:28:12.516681,28.584730625020672,77.10672074348017,55.0,44.5,Low,RD_029,Delhi
2025-07-27 15:28:12.516681,28.55372933877706,77.18326234625766,63.0,45.1,Low,RD_030,Delhi
2025-07-27 16:28:12.516681,28.799127818450895,77.04214159261224,45.0,52.5,Low,RD_031,Delhi
2025-07-27 17:28:12.516681,28.612550277526207,77.24892231226053,94.6,38.6,Medium,RD_032,Delhi
2025-07-27 18:28:12.516681,28.50812890710441,77.27371959397028,92.69999999999999,27.2,Medium,RD_033,Delhi
2025-07-27 19:28:12.516681,28.69615449121032,77.16068135377006,83.19999999999999,42.0,Medium,RD_034,Delhi
2025-07-27 20:28:12.516681,28.491815635002897,77.36639867632901,22.0,51.4,Low,RD_035,Delhi
2025-07-27 21:28:12.516681,28.634786359500477,77.08642343369976,20.0,48.0,Low,RD_036,Delhi
2025-07-27 22:28:12.516681,28.417932987612023,77.06256251197902,36.7,49.0,Low,RD_037,Delhi
2025-07-27 23:28:12.516681,28.48108139511016,77.231445181856,17.799999999999997,54.7,Low,RD_038,Delhi
2025-07-28 00:28:12.516681,28.633586123586912,77.31370983026122,36.0,40.2,Low,RD_039,Delhi
2025-07-28 01:28:12.516681,28.687746657999543,77.37739276914579,24.0,45.8,Low,RD_040,Delhi
2025-07-28 02:28:12.516681,28.631036828118997,77.16311157371311,41.0,55.7,Low,RD_041,Delhi
2025-07-28 03:28:12.516681,28.602335171761176,77.31686808334314,40.0,54.0,Low,RD_042,Delhi
2025-07-28 04:28:12.516681,28.58378963044107,77.20514915304993,62.0,42.4,Low,RD_043,Delhi
2025-07-28 05:28:12.516681,28.46604780096326,77.19173727000592,64.0,46.8,Low,RD_044,Delhi
2025-07-28 06:28:12.516681,28.54191557916053,77.29736599374867,52.0,34.4,Low,RD_045,Delhi
2025-07-28 07:28:12.516681,28.567836122904023,77.27423228784134,130.0,20.0,High,RD_046,Delhi
2025-07-28 08:28:12.516681,28.719612222621894,77.05136078430158,148.0,15.6,High,RD_047,Delhi
2025-07-28 09:28:12.516681,28.648261828956848,77.35665403497259,128.0,11.6,High,RD_048,Delhi
2025-07-28 10:28:12.516681,28.437595984463726,77.34700913541475,53.0,45.1,Low,RD_049,Delhi
2025-07-28 11:28:12.516681,28.64630839693948,77.14644372984905,40.0,54.0,Low,RD_000,Delhi
2025-07-28 12:28:12.516681,28.57539177195837,77.24858035334374,33.0,54.1,Low,RD_001,Delhi
2025-07-28 13:28:12.516681,28.546207799969405,77.25840301862827,54.0,41.8,Low,RD_002,Delhi
2025-07-28 14:28:12.516681,28.675067628884086,77.23506737658239,50.0,54.0,Low,RD_003,Delhi
2025-07-28 15:28:12.516681,28.716999952249598,77.15396948461546,48.0,53.6,Low,RD_004,Delhi
2025-07-28 16:28:12.516681,28.70702801191162,77.1418376632062,41.0,41.7,Low,RD_005,Delhi
2025-07-28 17:28:12.516681,28.529978247677736,77.20644459290087,137.0,12.9,High,RD_006,Delhi
2025-07-28 18:28:12.516681,28.58297876241488,77.32627290192595,165.0,8.5,High,RD_007,Delhi
2025-07-28 19:28:12.516681,28.647026343140357,77.26336001545944,160.0,17.0,High,RD_008,Delhi
2025-07-28 20:28:12.516681,28.711454512712237,77.1719385667914,47.0,48.9,Low,RD_009,Delhi
2025-07-28 21:28:12.516681,28.56598257621547,77.28616987106484,64.0,41.8,Low,RD_010,Delhi
2025-07-28 22:28:12.516681,28.59533410233362,76.924145737937,24.0,50.8,Low,RD_011,Delhi
2025-07-28 23:28:12.516681,28.5032665025994,77.32387657003721,39.0,42.3,Low,RD_012,Delhi
2025-07-29 00:28:12.516681,28.494279337591934,77.0350286221222,57.0,33.9,Low,RD_013,Delhi
2025-07-29 01:28:12.516681,28.69515258223942,77.17275590585969,33.0,48.1,Low,RD_014,Delhi
2025-07-29 02:28:12.516681,28.749524002857083,77.09703301053739,25.0,42.5,Low,RD_015,Delhi
2025-07-29 03:28:12.516681,28.606698987841966,77.07953185242792,57.0,44.9,Low,RD_016,Delhi
2025-07-29 04:28:12.516681,28.7142532897892,77.32508267873786,55.0,41.5,Low,RD_017,Delhi
2025-07-29 05:28:12.516681,28.650063602504765,77.16222987986882,40.0,44.0,Low,RD_018,Delhi
2025-07-29 06:28:12.516681,28.54938802453949,77.24365038817308,65.0,47.5,Low,RD_019,Delhi
2025-07-29 07:28:12.516681,28.65003956055084,77.20430794211208,109.0,22.3,Medium,RD_020,Delhi
2025-07-29 08:28:12.516681,28.7677036566466,77.25670408272232,166.0,7.2,High,RD_021,Delhi
2025-07-29 09:28:12.516681,28.610317396089005,77.21668218910602,115.0,25.5,Medium,RD_022,Delhi
2025-07-29 10:28:12.516681,28.7703643655814,77.08070077758114,64.0,42.8,Low,RD_023,Delhi
2025-07-29 11:28:12.516681,28.351925489591025,77.30862668194472,78.0,35.6,Low,RD_024,Delhi
2025-07-29 12:28:12.516681,28.696090250437525,77.15962434168387,73.0,42.1,Low,RD_025,Delhi
2025-07-29 13:28:12.516681,28.622604706823818,77.05334181013403,39.0,51.3,Low,RD_026,Delhi
2025-07-29 14:28:12.516681,28.583999264953412,77.16618848390341,42.0,41.4,Low,RD_027,Delhi
2025-07-29 15:28:12.516681,28.62307607765355,77.35907597906343,67.0,30.9,Low,RD_028,Delhi
2025-07-29 16:28:12.516681,28.41514310853991,77.29402217421135,51.0,50.7,Low,RD_029,Delhi
2025-07-29 17:28:12.516681,28.59193281121625,77.17413478655922,128.0,20.6,High,RD_030,Delhi
2025-07-29 18:28:12.516681,28.649611257151175,77.17407422956816,138.0,10.6,High,RD_031,Delhi
2025-07-29 19:28:12.516681,28.761689404474154,77.17683649487826,163.0,17.1,High,RD_032,Delhi
2025-07-29 20:28:12.516681,28.562072978172637,77.41667479835608,41.0,56.7,Low,RD_033,Delhi
2025-07-29 21:28:12.516681,28.533050639710684,77.24719354522315,53.0,44.1,Low,RD_034,Delhi
2025-07-29 22:28:12.516681,28.563724295641546,77.25200416471911,69.0,34.3,Low,RD_035,Delhi
2025-07-29 23:28:12.516681,28.70544021177021,77.31202834540319,29.0,56.3,Low,RD_036,Delhi
2025-07-30 00:28:12.516681,28.64677511096597,77.23287891590266,40.0,45.0,Low,RD_037,Delhi
2025-07-30 01:28:12.516681,28.560923979623297,77.18309578541793,48.0,44.6,Low,RD_038,Delhi
2025-07-30 02:28:12.516681,28.665226743311337,77.18936501509151,82.0,33.4,Medium,RD_039,Delhi
2025-07-30 03:28:12.516681,28.623607754934806,77.20183987405859,47.0,40.9,Low,RD_040,Delhi
2025-07-30 04:28:12.516681,28.71076449905329,77.20527777634902,47.0,35.9,Low,RD_041,Delhi
2025-07-30 05:28:12.516681,28.543694690612266,77.2817629543637,38.0,57.6,Low,RD_042,Delhi
2025-07-30 06:28:12.516681,28.581133785340224,77.21419458858074,41.0,52.7,Low,RD_043,Delhi
2025-07-30 07:28:12.516681,28.574689184686786,77.28226400772157,137.0,11.9,High,RD_044,Delhi
2025-07-30 08:28:12.516681,28.46754850518679,77.20092834198914,98.0,23.6,Medium,RD_045,Delhi
2025-07-30 09:28:12.516681,28.643512027706457,77.2168635190316,134.0,19.8,High,RD_046,Delhi
2025-07-30 10:28:12.516681,28.64000552721799,77.0091799315468,37.0,38.9,Low,RD_047,Delhi
2025-07-30 11:28:12.516681,28.614411345664248,77.30063276747025,52.0,41.4,Low,RD_048,Delhi
2025-07-30 12:28:12.516681,28.590441286662486,77.2436488475898,74.0,30.8,Low,RD_049,Delhi
2025-07-30 13:28:12.516681,28.47236292579496,77.30880101098597,69.0,31.3,Low,RD_000,Delhi
2025-07-30 14:28:12.516681,28.571835467723464,76.91937446218063,58.0,40.6,Low,RD_001,Delhi
2025-07-30 15:28:12.516681,28.579628548347323,77.41783747047808,58.0,33.6,Low,RD_002,Delhi
2025-07-30 16:28:12.516681,28.53367227307784,77.19504103718448,63.0,43.1,Low,RD_003,Delhi
2025-07-30 17:28:12.516681,28.5977714288334,77.31981828167376,116.0,26.2,Medium,RD_004,Delhi
2025-07-30 18:28:12.516681,28.654305085681454,77.10500940728745,108.0,24.6,Medium,RD_005,Delhi
2025-07-30 19:28:12.516681,28.802518590121053,77.27027739050627,92.0,41.4,Medium,RD_006,Delhi
2025-07-30 20:28:12.516681,28.631357781283185,77.10365844368263,79.0,36.3,Low,RD_007,Delhi
2025-07-30 21:28:12.516681,28.639655039072277,77.14662310393042,44.0,44.8,Low,RD_008,Delhi
2025-07-30 22:28:12.516681,28.606455408423383,77.40040313538668,51.0,45.7,Low,RD_009,Delhi
2025-07-30 23:28:12.516681,28.4220228784701,77.18993175992367,57.0,41.9,Low,RD_010,Delhi
2025-07-31 00:28:12.516681,28.61124861245508,77.23074328731798,80.0,44.0,Low,RD_011,Delhi
2025-07-31 01:28:12.516681,28.619923020994104,77.29600677306888,32.0,47.4,Low,RD_012,Delhi
2025-07-31 02:28:12.516681,28.86022421124853,77.25856818879727,20.0,58.0,Low,RD_013,Delhi
2025-07-31 03:28:12.516681,28.594663903521887,77.22404189051436,47.0,45.9,Low,RD_014,Delhi
2025-07-31 04:28:12.516681,28.64405473423336,77.24549610024663,58.0,46.6,Low,RD_015,Delhi
2025-07-31 05:28:12.516681,28.610428823029476,77.44934155852383,66.0,44.2,Low,RD_016,Delhi
2025-07-31 06:28:12.516681,28.49703219623805,77.20323812029665,60.0,40.0,Low,RD_017,Delhi
2025-07-31 07:28:12.516681,28.728182281451502,77.2291099046715,174.0,13.8,High,RD_018,Delhi
2025-07-31 08:28:12.516681,28.689093303268677,77.31406543960077,133.0,29.1,High,RD_019,Delhi
2025-07-31 09:28:12.516681,28.693003194704307,77.3195525932958,130.0,11.0,High,RD_020,Delhi
2025-07-31 10:28:12.516681,28.522961254520528,77.32770303055604,79.0,31.3,Low,RD_021,Delhi
2025-07-31 11:28:12.516681,28.75417943109361,77.27287302220292,56.0,34.2,Low,RD_022,Delhi
2025-07-31 12:28:12.516681,28.47371489372077,77.09469950872696,44.0,49.8,Low,RD_023,Delhi
2025-07-31 13:28:12.516681,28.672585709380026,77.37234315323012,34.0,44.8,Low,RD_024,Delhi
2025-07-31 14:28:12.516681,28.832945562581,77.09436546069813,67.0,46.9,Low,RD_025,Delhi
2025-07-31 15:28:12.516681,28.514846367486932,77.2392635465239,43.0,46.1,Low,RD_026,Delhi
2025-07-31 16:28:12.516681,28.557270227039723,77.13357241499807,75.0,39.5,Low,RD_027,Delhi
2025-07-31 17:28:12.516681,28.623865136508766,77.2025861653407,139.0,10.3,High,RD_028,Delhi
2025-07-31 18:28:12.516681,28.56355243458838,77.24187624103035,114.0,22.8,Medium,RD_029,Delhi
2025-07-31 19:28:12.516681,28.458833656893386,77.24113572154504,167.0,9.9,High,RD_030,Delhi
2025-07-31 20:28:12.516681,28.620756297480604,77.25119207542353,73.0,28.1,Low,RD_031,Delhi
2025-07-31 21:28:12.516681,28.50766962862739,77.37037112690587,46.0,51.2,Low,RD_032,Delhi
2025-07-31 22:28:12.516681,28.66125924306352,77.2543534301514,32.0,57.4,Low,RD_033,Delhi
2025-07-31 23:28:12.516681,28.52195757657662,77.18458433647093,50.0,46.0,Low,RD_034,Delhi
2025-08-01 00:28:12.516681,28.768893440501756,77.30540871682884,55.0,48.5,Low,RD_035,Delhi
2025-08-01 01:28:12.516681,28.535574670766376,77.32794704889247,47.0,50.9,Low,RD_036,Delhi
2025-08-01 02:28:12.516681,28.581693848379434,77.0862392184863,58.0,43.6,Low,RD_037,Delhi
2025-08-01 03:28:12.516681,28.69525172173697,77.26874000698498,56.0,50.2,Low,RD_038,Delhi
2025-08-01 04:28:12.516681,28.490813568356604,77.2791172742311,50.0,40.0,Low,RD_039,Delhi
2025-08-01 05:28:12.516681,28.636645993460412,77.179243649664,48.0,40.6,Low,RD_040,Delhi
2025-08-01 06:28:12.516681,28.744614275428244,77.34657068133116,33.0,51.1,Low,RD_041,Delhi
2025-08-01 07:28:12.516681,28.45315167654388,77.19399444129675,141.0,23.7,High,RD_042,Delhi
2025-08-01 08:28:12.516681,28.632363385853232,77.22155764534716,164.0,15.8,High,RD_043,Delhi
2025-08-01 09:28:12.516681,28.639888279424845,77.19169281757162,114.0,22.8,Medium,RD_044,Delhi
2025-08-01 10:28:12.516681,28.692082287177733,77.21055790475815,42.0,46.4,Low,RD_045,Delhi
2025-08-01 11:28:12.516681,28.490204928912192,77.09937249131049,37.0,41.9,Low,RD_046,Delhi
2025-08-01 12:28:12.516681,28.481854338691573,77.06499491174057,76.0,27.2,Low,RD_047,Delhi
2025-08-01 13:28:12.516681,28.66609415656169,77.3684505063225,72.0,34.4,Low,RD_048,Delhi
2025-08-01 14:28:12.516681,28.64359846732332,77.12430386516817,46.0,55.2,Low,RD_049,Delhi
2025-08-01 15:28:12.516681,28.638949285034588,77.10986076505438,53.0,51.1,Low,RD_000,Delhi
2025-08-01 16:28:12.516681,28.6485448209497,76.99366098863963,51.0,45.7,Low,RD_001,Delhi
2025-08-01 17:28:12.516681,28.54589752784215,77.14510382523105,124.0,21.8,High,RD_002,Delhi
2025-08-01 18:28:12.516681,28.637125369716102,77.07669102065925,151.0,13.7,High,RD_003,Delhi
2025-08-01 19:28:12.516681,28.64320724732987,77.37320151601364,142.0,16.4,High,RD_004,Delhi
2025-08-01 20:28:12.516681,28.542464858197363,77.30998170893427,69.0,30.3,Low,RD_005,Delhi
2025-08-01 21:28:12.516681,28.800477451114478,77.14018496548223,37.0,53.9,Low,RD_006,Delhi
2025-08-01 22:28:12.516681,28.66128329209118,77.43424358053443,57.0,36.9,Low,RD_007,Delhi
2025-08-01 23:28:12.516681,28.494769650279736,77.30717654869916,64.0,32.8,Low,RD_008,Delhi
2025-08-02 00:28:12.516681,28.679555360863382,77.17651686164915,20.7,55.8,Low,RD_009,Delhi
2025-08-02 01:28:12.516681,28.51643183297727,76.95905942851265,42.3,45.3,Low,RD_010,Delhi
2025-08-02 02:28:12.516681,28.692608460374245,77.43809425725908,41.699999999999996,38.5,Low,RD_011,Delhi
2025-08-02 03:28:12.516681,28.729759557900742,77.07004275332365,13.599999999999994,51.9,Low,RD_012,Delhi
2025-08-02 04:28:12.516681,28.53183176816483,77.04446012530431,14.199999999999996,64.7,Low,RD_013,Delhi
2025-08-02 05:28:12.516681,28.710237612924434,77.31125704320097,43.3,39.0,Low,RD_014,Delhi
2025-08-02 06:28:12.516681,28.65517809269365,77.45297524063393,49.0,51.3,Low,RD_015,Delhi
2025-08-02 07:28:12.516681,28.69610601599945,77.34742728185105,102.6,32.2,Medium,RD_016,Delhi
2025-08-02 08:28:12.516681,28.803579298265397,77.26539091200524,78.19999999999999,38.5,Low,RD_017,Delhi
2025-08-02 09:28:12.516681,28.589361188399714,77.26847543416653,88.6,40.4,Medium,RD_018,Delhi
2025-08-02 10:28:12.516681,28.538526383564253,77.29434155587803,18.0,44.6,Low,RD_019,Delhi
2025-08-02 11:28:12.516681,28.524948557037447,77.28489285897868,64.0,30.8,Low,RD_020,Delhi
2025-08-02 12:28:12.516681,28.532318971503457,77.23711914239693,40.0,50.0,Low,RD_021,Delhi
2025-08-02 13:28:12.516681,28.60618982905859,77.21942011039519,34.0,58.8,Low,RD_022,Delhi
2025-08-02 14:28:12.516681,28.648015197481666,77.20274068721005,37.0,47.9,Low,RD_023,Delhi
2025-08-02 15:28:12.516681,28.641569079933003,77.13360354111333,25.0,50.5,Low,RD_024,Delhi
2025-08-02 16:28:12.516681,28.696618324903604,77.18093249231333,55.0,37.5,Low,RD_025,Delhi
2025-08-02 17:28:12.516681,28.615200189187792,77.03970431858046,66.0,31.2,Low,RD_026,Delhi
2025-08-02 18:28:12.516681,28.759253407715732,77.19916603732052,120.8,16.8,High,RD_027,Delhi
2025-08-02 19:28:12.516681,28.587434316676205,77.1101408892849,62.8,49.2,Low,RD_028,Delhi
2025-08-02 20:28:12.516681,28.885916916658964,77.09864106827843,35.0,41.5,Low,RD_029,Delhi
2025-08-02 21:28:12.516681,28.6764667347765,77.22698941511536,26.0,60.2,Low,RD_030,Delhi
2025-08-02 22:28:12.516681,28.52818424435837,77.34820022863447,57.599999999999994,38.7,Low,RD_031,Delhi
2025-08-02 23:28:12.516681,28.50681075019389,77.30083166060024,16.799999999999997,52.0,Low,RD_032,Delhi
2025-08-03 00:28:12.516681,28.66214724152432,77.05194993963768,23.799999999999997,55.9,Low,RD_033,Delhi
2025-08-03 01:28:12.516681,28.591553721467417,77.11003718634296,25.099999999999998,51.5,Low,RD_034,Delhi
2025-08-03 02:28:12.516681,28.68530004940921,77.30307711879883,28.299999999999997,58.5,Low,RD_035,Delhi
2025-08-03 03:28:12.516681,28.661223762457354,77.11075126064617,58.3,39.5,Low,RD_036,Delhi
2025-08-03 04:28:12.516681,28.606617108734312,77.1865366850003,53.599999999999994,51.9,Low,RD_037,Delhi
2025-08-03 05:28:12.516681,28.529220628193162,77.26400520990246,49.5,48.1,Low,RD_038,Delhi
2025-08-03 06:28:12.516681,28.462415277531413,77.11216555451364,42.0,50.4,Low,RD_039,Delhi
2025-08-03 07:28:12.516681,28.5692485047933,77.2195375506146,71.19999999999999,42.6,Low,RD_040,Delhi
2025-08-03 08:28:12.516681,28.699539879432347,77.07559745050818,109.8,17.1,Medium,RD_041,Delhi
2025-08-03 09:28:12.516681,28.635309374413023,77.14886323560488,97.39999999999999,27.8,Medium,RD_042,Delhi
2025-08-03 10:28:12.516681,28.4893261221288,77.24097819341425,50.0,36.0,Low,RD_043,Delhi
2025-08-03 11:28:12.516681,28.63121809258512,77.04970062664684,43.0,46.1,Low,RD_044,Delhi
2025-08-03 12:28:12.516681,28.652431737972886,77.25304747379604,18.0,46.6,Low,RD_045,Delhi
2025-08-03 13:28:12.516681,28.52551425637989,77.20703622010734,48.0,51.6,Low,RD_046,Delhi
2025-08-03 14:28:12.516681,28.629272510594554,77.26424899544172,37.0,57.9,Low,RD_047,Delhi
2025-08-03 15:28:12.516681,28.6197208718446,77.23139141340647,37.0,50.9,Low,RD_048,Delhi
2025-08-03 16:28:12.516681,28.499602970216937,77.34541404299739,19.0,52.3,Low,RD_049,Delhi
2025-08-03 17:28:12.516681,28.64967873603483,77.2215224502648,89.5,32.2,Medium,RD_000,Delhi
2025-08-03 18:28:12.516681,28.669978452636826,77.16605944588748,83.3,31.0,Medium,RD_001,Delhi
2025-08-03 19:28:12.516681,28.72220512431753,77.22122975030324,95.89999999999999,40.2,Medium,RD_002,Delhi
2025-08-03 20:28:12.516681,28.719280205203493,77.26332980290364,17.0,62.9,Low,RD_003,Delhi
2025-08-03 21:28:12.516681,28.47613306320429,77.21388600703257,36.0,53.2,Low,RD_004,Delhi
2025-08-03 22:28:12.516681,28.52011749600849,77.21305916912038,30.099999999999998,52.0,Low,RD_005,Delhi
2025-08-03 23:28:12.516681,28.665403526720866,77.13880083121933,39.5,52.1,Low,RD_006,Delhi
2025-08-04 00:28:12.516681,28.665278595091223,77.14270990824491,22.0,55.4,Low,RD_007,Delhi
2025-08-04 01:28:12.516681,28.665404768630605,77.06873947282003,81.0,29.7,Medium,RD_008,Delhi
2025-08-04 02:28:12.516681,28.999173149065474,77.3839576743187,81.0,43.7,Medium,RD_009,Delhi
2025-08-04 03:28:12.516681,28.670989051069316,77.08461367646088,70.0,43.0,Low,RD_010,Delhi
2025-08-04 04:28:12.516681,28.727456564018063,77.13970948022042,66.0,36.2,Low,RD_011,Delhi
2025-08-04 05:28:12.516681,28.70930017634932,77.13715927344309,46.0,43.2,Low,RD_012,Delhi
2025-08-04 06:28:12.516681,28.67903912513058,77.29849243769445,78.0,41.6,Low,RD_013,Delhi
2025-08-04 07:28:12.516681,28.582373075535966,77.1795050321708,151.0,13.7,High,RD_014,Delhi
2025-08-04 08:28:12.516681,28.68979692204933,77.33377420726738,144.0,14.8,High,RD_015,Delhi
2025-08-04 09:28:12.516681,28.536617478546244,77.14165093757562,106.0,27.2,Medium,RD_016,Delhi
2025-08-04 10:28:12.516681,28.590218139326,77.23689941622239,51.0,50.7,Low,RD_017,Delhi
2025-08-04 11:28:12.516681,28.56536364521709,77.12546529467403,33.0,55.1,Low,RD_018,Delhi
2025-08-04 12:28:12.516681,28.622087413938633,77.42351491277734,76.0,31.2,Low,RD_019,Delhi
2025-08-04 13:28:12.516681,28.845365856667353,77.09024015809705,67.0,45.9,Low,RD_020,Delhi
2025-08-04 14:28:12.516681,28.427173480740827,77.23998207102271,30.0,59.0,Low,RD_021,Delhi
2025-08-04 15:28:12.516681,28.682526019037454,77.27237768809321,65.0,46.5,Low,RD_022,Delhi
2025-08-04 16:28:12.516681,28.452628412881037,77.25037990974515,70.0,30.0,Low,RD_023,Delhi
2025-08-04 17:28:12.516681,28.566706813421057,77.19047123411224,133.0,16.1,High,RD_024,Delhi
2025-08-04 18:28:12.516681,28.722795059696736,77.19601793002666,85.0,38.5,Medium,RD_025,Delhi
2025-08-04 19:28:12.516681,28.62032800190955,77.21338114719791,140.0,24.0,High,RD_026,Delhi
2025-08-04 20:28:12.516681,28.50612552220707,77.19429979983715,63.0,39.1,Low,RD_027,Delhi
2025-08-04 21:28:12.516681,28.542369629074003,77.30538791167949,58.0,40.6,Low,RD_028,Delhi
2025-08-04 22:28:12.516681,28.681859774893468,77.43005230015913,27.0,46.9,Low,RD_029,Delhi
2025-08-04 23:28:12.516681,28.540863336828288,77.15325082149921,31.0,56.7,Low,RD_030,Delhi
2025-08-05 00:28:12.516681,28.6355458589582,77.0720197020421,37.0,53.9,Low,RD_031,Delhi
2025-08-05 01:28:12.516681,28.618457183990383,77.20017179516488,68.0,29.6,Low,RD_032,Delhi
2025-08-05 02:28:12.516681,28.54873996523942,77.46697093376544,28.0,55.6,Low,RD_033,Delhi
2025-08-05 03:28:12.516681,28.828294408932532,77.12863254320303,44.0,39.8,Low,RD_034,Delhi
2025-08-05 04:28:12.516681,28.6772919022318,77.3729116805444,75.0,45.5,Low,RD_035,Delhi
2025-08-05 05:28:12.516681,28.41138574133424,77.37677008140764,54.0,40.8,Low,RD_036,Delhi
2025-08-05 06:28:12.516681,28.632545431476945,77.15364117582921,43.0,37.1,Low,RD_037,Delhi
2025-08-05 07:28:12.516681,28.547721353523162,77.26589830791853,126.0,15.2,High,RD_038,Delhi
2025-08-05 08:28:12.516681,28.699143333479622,77.37183966231285,131.0,28.7,High,RD_039,Delhi
2025-08-05 09:28:12.516681,28.53464792615673,77.17108722590126,117.0,30.9,Medium,RD_040,Delhi
2025-08-05 10:28:12.516681,28.60242635585331,77.18864196398977,69.0,47.3,Low,RD_041,Delhi
2025-08-05 11:28:12.516681,28.664398727898046,77.15083190860514,30.0,45.0,Low,RD_042,Delhi
2025-08-05 12:28:12.516681,28.70047551941701,77.10752432693072,56.0,48.2,Low,RD_043,Delhi
2025-08-05 13:28:12.516681,28.493870359294423,77.1440722454934,35.0,46.5,Low,RD_044,Delhi
2025-08-05 14:28:12.516681,28.580449876415905,77.08660597332377,42.0,52.4,Low,RD_045,Delhi
2025-08-05 15:28:12.516681,28.566405468883904,77.21240834682592,64.0,48.8,Low,RD_046,Delhi
2025-08-05 16:28:12.516681,28.54856707674263,77.13200267689415,41.0,52.7,Low,RD_047,Delhi
2025-08-05 17:28:12.516681,28.79044542402811,77.23237859117908,131.0,29.7,High,RD_048,Delhi
2025-08-05 18:28:12.516681,28.654398171096098,77.05341043537965,113.0,27.1,Medium,RD_049,Delhi
2025-08-05 19:28:12.516681,28.487811604566495,77.24208802322146,103.0,37.1,Medium,RD_000,Delhi
2025-08-05 20:28:12.516681,28.70568619470548,77.29235289616089,66.0,37.2,Low,RD_001,Delhi
2025-08-05 21:28:12.516681,28.826115619701266,77.00962643574286,36.0,52.2,Low,RD_002,Delhi
2025-08-05 22:28:12.516681,28.717146526055117,77.24640565698476,35.0,56.5,Low,RD_003,Delhi
2025-08-05 23:28:12.516681,28.4619630034046,77.33176689924733,43.0,55.1,Low,RD_004,Delhi
2025-08-06 00:28:12.516681,28.565476592713377,77.08803589813088,42.0,44.4,Low,RD_005,Delhi
2025-08-06 01:28:12.516681,28.740591114918665,77.37625723868378,69.0,45.3,Low,RD_006,Delhi
2025-08-06 02:28:12.516681,28.543133053438122,77.25090190093661,31.0,44.7,Low,RD_007,Delhi
2025-08-06 03:28:12.516681,28.658281942814625,77.13849881442417,47.0,51.9,Low,RD_008,Delhi
2025-08-06 04:28:12.516681,28.691363405342933,77.20342309223423,47.0,39.9,Low,RD_009,Delhi
2025-08-06 05:28:12.516681,28.521206952842192,77.26483269125218,61.0,44.7,Low,RD_010,Delhi
2025-08-06 06:28:12.516681,28.60794746439382,77.21660053914124,34.0,39.8,Low,RD_011,Delhi
2025-08-06 07:28:12.516681,28.289773265993094,77.26287559924464,176.0,5.2,High,RD_012,Delhi
2025-08-06 08:28:12.516681,28.511461235866573,77.11693264069207,119.0,18.3,Medium,RD_013,Delhi
2025-08-06 09:28:12.516681,28.588643184860686,77.2259360824036,110.0,31.0,Medium,RD_014,Delhi
2025-08-06 10:28:12.516681,28.489121681803518,77.06762855030951,68.0,32.6,Low,RD_015,Delhi
2025-08-06 11:28:12.516681,28.777141130393165,77.19787739386513,62.0,43.4,Low,RD_016,Delhi
2025-08-06 12:28:12.516681,28.47088586220394,77.11860923585353,49.0,41.3,Low,RD_017,Delhi
2025-08-06 13:28:12.516681,28.5698955513303,77.13544700574103,44.0,49.8,Low,RD_018,Delhi
2025-08-06 14:28:12.516681,28.62697405772861,77.33260931752105,52.0,52.4,Low,RD_019,Delhi
2025-08-06 15:28:12.516681,28.758027328906614,77.31813101205942,58.0,51.6,Low,RD_020,Delhi
2025-08-06 16:28:12.516681,28.470313784882055,77.26991381209072,58.0,49.6,Low,RD_021,Delhi
2025-08-06 17:28:12.516681,28.730216375215498,77.09976872353275,129.0,18.3,High,RD_022,Delhi
2025-08-06 18:28:12.516681,28.61492330610196,77.17735915503053,133.0,19.1,High,RD_023,Delhi
2025-08-06 19:28:12.516681,28.515749134895206,77.33030976999792,97.0,25.9,Medium,RD_024,Delhi
2025-08-06 20:28:12.516681,28.66011034742633,77.22317169136399,34.0,47.8,Low,RD_025,Delhi
2025-08-06 21:28:12.516681,28.633805969557347,77.44093295399817,34.0,56.8,Low,RD_026,Delhi
2025-08-06 22:28:12.516681,28.553878312284123,77.24833178393943,54.0,41.8,Low,RD_027,Delhi
2025-08-06 23:28:12.516681,28.620880208499003,77.228204911649,52.0,50.4,Low,RD_028,Delhi
2025-08-07 00:28:12.516681,28.575368640313826,77.17808835357975,27.0,43.9,Low,RD_029,Delhi
2025-08-07 01:28:12.516681,28.625251734525126,77.22235409047823,52.0,36.4,Low,RD_030,Delhi
2025-08-07 02:28:12.516681,28.680113067452105,77.19375301636195,26.0,51.2,Low,RD_031,Delhi
2025-08-07 03:28:12.516681,28.772501681614536,77.27981086766886,36.0,49.2,Low,RD_032,Delhi
2025-08-07 04:28:12.516681,28.490118450117315,77.30467023167947,70.0,43.0,Low,RD_033,Delhi
2025-08-07 05:28:12.516681,28.827203337465626,77.13040105394921,34.0,47.8,Low,RD_034,Delhi
2025-08-07 06:28:12.516681,28.41869122004775,77.07587670464423,49.0,46.3,Low,RD_035,Delhi
2025-08-07 07:28:12.516681,28.59872149049644,77.02537946268967,117.0,16.9,Medium,RD_036,Delhi
2025-08-07 08:28:12.516681,28.672731720648457,77.25979913269126,127.0,12.9,High,RD_037,Delhi
2025-08-07 09:28:12.516681,28.641999186773504,77.09866333938261,103.0,24.1,Medium,RD_038,Delhi
2025-08-07 10:28:12.516681,28.55163004801794,76.99371094070476,44.0,45.8,Low,RD_039,Delhi
2025-08-07 11:28:12.516681,28.593087774964275,77.2478578604531,38.0,38.6,Low,RD_040,Delhi
2025-08-07 12:28:12.516681,28.564599906534117,77.45829995174329,61.0,46.7,Low,RD_041,Delhi
2025-08-07 13:28:12.516681,28.55496352430558,77.20839290884601,35.0,47.5,Low,RD_042,Delhi
2025-08-07 14:28:12.516681,28.698860209702104,77.29284907744517,65.0,31.5,Low,RD_043,Delhi
2025-08-07 15:28:12.516681,28.649601548596507,77.21718293585477,58.0,35.6,Low,RD_044,Delhi
2025-08-07 16:28:12.516681,28.544609040473937,77.19911103468088,30.0,59.0,Low,RD_045,Delhi
2025-08-07 17:28:12.516681,28.703859987543325,77.30090764829878,129.0,20.3,High,RD_046,Delhi
2025-08-07 18:28:12.516681,28.644629952087662,77.17997254558114,115.0,33.5,Medium,RD_047,Delhi
2025-08-07 19:28:12.516681,28.695186211883897,77.2357392314072,147.0,8.9,High,RD_048,Delhi
2025-08-07 20:28:12.516681,28.676862884192364,77.2411697806196,63.0,43.1,Low,RD_049,Delhi
2025-08-07 21:28:12.516681,28.531000498907794,77.1421909546357,57.0,32.9,Low,RD_000,Delhi
2025-08-07 22:28:12.516681,28.557881895980305,77.30820423495365,70.0,32.0,Low,RD_001,Delhi
2025-08-07 23:28:12.516681,28.688629360512326,77.19150402433046,64.0,38.8,Low,RD_002,Delhi
2025-08-08 00:28:12.516681,28.674937026543347,77.13342548405072,31.0,40.7,Low,RD_003,Delhi
2025-08-08 01:28:12.516681,28.611809840603588,77.26265098435704,54.0,41.8,Low,RD_004,Delhi
2025-08-08 02:28:12.516681,28.62563273833088,77.1191532018209,67.0,38.9,Low,RD_005,Delhi
2025-08-08 03:28:12.516681,28.741666489578844,77.21181811573692,62.0,36.4,Low,RD_006,Delhi
2025-08-08 04:28:12.516681,28.554742861116416,77.20808810033559,35.0,56.5,Low,RD_007,Delhi
2025-08-08 05:28:12.516681,28.668609738117006,77.31758955658316,85.0,26.5,Medium,RD_008,Delhi
2025-08-08 06:28:12.516681,28.59368073475661,77.256469823288,50.0,49.0,Low,RD_009,Delhi
2025-08-08 07:28:12.516681,28.59213187967728,77.20649730412549,97.0,28.9,Medium,RD_010,Delhi
2025-08-08 08:28:12.516681,28.72377768519872,77.29077662992003,131.0,28.7,High,RD_011,Delhi
2025-08-08 09:28:12.516681,28.696441634898804,77.34802075490174,123.0,23.1,High,RD_012,Delhi
2025-08-08 10:28:12.516681,28.695250963600063,77.26478103063519,70.0,38.0,Low,RD_013,Delhi
2025-08-08 11:28:12.516681,28.744447880715434,77.21003526198434,79.0,45.3,Low,RD_014,Delhi
2025-08-08 12:28:12.516681,28.61600038416328,77.07781637676499,74.0,34.8,Low,RD_015,Delhi
2025-08-08 13:28:12.516681,28.682095297129496,77.10248863369246,68.0,45.6,Low,RD_016,Delhi
2025-08-08 14:28:12.516681,28.582873324340657,77.17847752956453,52.0,48.4,Low,RD_017,Delhi
2025-08-08 15:28:12.516681,28.646316635248844,77.14804877978408,61.0,50.7,Low,RD_018,Delhi
2025-08-08 16:28:12.516681,28.60088569456323,77.19030286970145,76.0,27.2,Low,RD_019,Delhi
2025-08-08 17:28:12.516681,28.62359959649927,77.21466499248972,129.0,21.3,High,RD_020,Delhi
2025-08-08 18:28:12.516681,28.673415702543693,77.26196927543567,160.0,9.0,High,RD_021,Delhi
2025-08-08 19:28:12.516681,28.532077931676653,77.20195012219409,139.0,10.3,High,RD_022,Delhi
2025-08-08 20:28:12.516681,28.823138727568548,77.25765016438262,62.0,41.4,Low,RD_023,Delhi
2025-08-08 21:28:12.516681,28.513298261850032,77.21544744148102,45.0,53.5,Low,RD_024,Delhi
2025-08-08 22:28:12.516681,28.492481138721228,77.01145334336462,86.0,33.2,Medium,RD_025,Delhi
2025-08-08 23:28:12.516681,28.729711087350008,77.11506646061812,64.0,48.8,Low,RD_026,Delhi
2025-08-09 00:28:12.516681,28.693066269396294,77.19459124442784,15.099999999999998,58.5,Low,RD_027,Delhi
2025-08-09 01:28:12.516681,28.676311981705215,77.0880305257159,11.399999999999999,51.6,Low,RD_028,Delhi
2025-08-09 02:28:12.516681,28.67673455092643,77.26899287299962,27.0,54.9,Low,RD_029,Delhi
2025-08-09 03:28:12.516681,28.612675322715308,77.36207508323437,50.9,43.7,Low,RD_030,Delhi
2025-08-09 04:28:12.516681,28.524174562851417,77.33087618516973,20.199999999999996,48.9,Low,RD_031,Delhi
2025-08-09 05:28:12.516681,28.621480455819373,77.18765571290699,32.0,46.4,Low,RD_032,Delhi
2025-08-09 06:28:12.516681,28.54618382884879,77.358072613685,63.0,31.1,Low,RD_033,Delhi
2025-08-09 07:28:12.516681,28.711411973341775,77.22386674572022,83.19999999999999,42.0,Medium,RD_034,Delhi
2025-08-09 08:28:12.516681,28.59919426184979,77.1752914028882,65.0,40.5,Low,RD_035,Delhi
2025-08-09 09:28:12.516681,28.53135028032075,77.14765973364591,114.89999999999999,18.5,Medium,RD_036,Delhi
2025-08-09 10:28:12.516681,28.581761415834702,77.17875303135119,64.0,40.8,Low,RD_037,Delhi
2025-08-09 11:28:12.516681,28.655193145427564,77.17018231814588,51.0,48.7,Low,RD_038,Delhi
2025-08-09 12:28:12.516681,28.557527544719605,77.22604162223755,42.0,54.4,Low,RD_039,Delhi
2025-08-09 13:28:12.516681,28.531677960443357,77.225057398105,48.0,45.6,Low,RD_040,Delhi
2025-08-09 14:28:12.516681,28.638268721149192,77.20930460201535,27.0,44.9,Low,RD_041,Delhi
2025-08-09 15:28:12.516681,28.638396657110874,77.25269381697464,36.0,45.2,Low,RD_042,Delhi
2025-08-09 16:28:12.516681,28.56320568246289,77.32806462747864,57.0,35.9,Low,RD_043,Delhi
2025-08-09 17:28:12.516681,28.56679616943817,77.30395541354413,82.89999999999999,25.1,Medium,RD_044,Delhi
2025-08-09 18:28:12.516681,28.637104993735765,77.06051020315502,64.39999999999999,35.7,Low,RD_045,Delhi
2025-08-09 19:28:12.516681,28.46909156585027,76.95360788650981,84.3,29.7,Medium,RD_046,Delhi
2025-08-09 20:28:12.516681,28.473153622562346,77.30243199112392,52.0,49.4,Low,RD_047,Delhi
2025-08-09 21:28:12.516681,28.54205557787476,77.07231213015847,43.0,41.1,Low,RD_048,Delhi
2025-08-09 22:28:12.516681,28.592555284828816,77.18652345981073,21.199999999999996,60.6,Low,RD_049,Delhi
2025-08-09 23:28:12.516681,28.644990756559803,77.09198869739407,7.199999999999999,59.8,Low,RD_000,Delhi
2025-08-10 00:28:12.516681,28.761435621694957,77.028801956242,29.799999999999997,59.1,Low,RD_001,Delhi
2025-08-10 01:28:12.516681,28.699665962320204,77.26314627282048,5.399999999999999,52.4,Low,RD_002,Delhi
2025-08-10 02:28:12.516681,28.59790614700366,77.28491551603027,4.0,59.8,Low,RD_003,Delhi
2025-08-10 03:28:12.516681,28.611998379209734,77.15134895992733,45.9,45.2,Low,RD_004,Delhi
2025-08-10 04:28:12.516681,28.51364706353622,76.94989577078552,40.4,56.9,Low,RD_005,Delhi
2025-08-10 05:28:12.516681,28.61204868640076,77.15437555517475,41.099999999999994,49.7,Low,RD_006,Delhi
2025-08-10 06:28:12.516681,28.585034136107986,77.24818040054026,60.0,36.0,Low,RD_007,Delhi
2025-08-10 07:28:12.516681,28.64617185603381,77.0611088431226,119.5,23.1,Medium,RD_008,Delhi
2025-08-10 08:28:12.516681,28.53117690564477,77.22733599197792,124.6,18.6,High,RD_009,Delhi
2025-08-10 09:28:12.516681,28.665834651424117,77.20746901508271,92.5,38.2,Medium,RD_010,Delhi
2025-08-10 10:28:12.516681,28.76717389130026,77.2669291499601,35.0,47.5,Low,RD_011,Delhi
2025-08-10 11:28:12.516681,28.603023985154316,77.22095803684142,20.0,62.0,Low,RD_012,Delhi
2025-08-10 12:28:12.516681,28.654071172209896,77.11169310591185,59.0,34.3,Low,RD_013,Delhi
2025-08-10 13:28:12.516681,28.68291439917111,77.32865715016645,53.0,42.1,Low,RD_014,Delhi
2025-08-10 14:28:12.516681,28.57377795281142,77.1931470426973,19.0,53.3,Low,RD_015,Delhi
2025-08-10 15:28:12.516681,28.636309248181043,77.20626954604901,37.0,54.9,Low,RD_016,Delhi
2025-08-10 16:28:12.516681,28.61515924007818,77.11567320409269,26.0,57.2,Low,RD_017,Delhi
2025-08-10 17:28:12.516681,28.623667609854884,77.16467177488086,80.39999999999999,33.9,Medium,RD_018,Delhi
2025-08-10 18:28:12.516681,28.536599021614453,77.12051972859732,115.6,19.3,Medium,RD_019,Delhi
2025-08-10 19:28:12.516681,28.616351017425895,77.19170539400766,77.39999999999999,39.8,Low,RD_020,Delhi
2025-08-10 20:28:12.516681,28.663699829124546,77.38017084801423,61.0,46.7,Low,RD_021,Delhi
2025-08-10 21:28:12.516681,28.759014360779506,77.07180988570687,37.0,50.9,Low,RD_022,Delhi
2025-08-10 22:28:12.516681,28.709827082608523,77.04764386021233,51.199999999999996,35.6,Low,RD_023,Delhi
2025-08-10 23:28:12.516681,28.829218245751157,77.35611703274937,8.799999999999997,58.4,Low,RD_024,Delhi
2025-08-11 00:28:12.516681,28.537165243711197,77.18806763228481,56.0,33.2,Low,RD_025,Delhi
2025-08-11 01:28:12.516681,28.70113206367207,77.14209272613401,55.0,43.5,Low,RD_026,Delhi
2025-08-11 02:28:12.516681,28.632234200573837,77.31299046873961,32.0,49.4,Low,RD_027,Delhi
2025-08-11 03:28:12.516681,28.832880293321768,77.14843844602632,59.0,33.3,Low,RD_028,Delhi
2025-08-11 04:28:12.516681,28.533070171464487,77.39160097135469,59.0,42.3,Low,RD_029,Delhi
2025-08-11 05:28:12.516681,28.529927815781924,77.27679258713393,61.0,45.7,Low,RD_030,Delhi
2025-08-11 06:28:12.516681,28.5539607354556,77.16020885918543,48.0,49.6,Low,RD_031,Delhi
2025-08-11 07:28:12.516681,28.401510427569022,77.42473082132655,130.0,18.0,High,RD_032,Delhi
2025-08-11 08:28:12.516681,28.561324497831926,77.14842850769966,130.0,25.0,High,RD_033,Delhi
2025-08-11 09:28:12.516681,28.53798673384463,77.28320953720093,144.0,24.8,High,RD_034,Delhi
2025-08-11 10:28:12.516681,28.628939378647623,77.23892925804066,32.0,49.4,Low,RD_035,Delhi
2025-08-11 11:28:12.516681,28.648075597577716,77.33917412893989,69.0,43.3,Low,RD_036,Delhi
2025-08-11 12:28:12.516681,28.80151708392159,77.36515111967269,71.0,28.7,Low,RD_037,Delhi
2025-08-11 13:28:12.516681,28.708942383818606,77.21220041490658,58.0,49.6,Low,RD_038,Delhi
2025-08-11 14:28:12.516681,28.55620963443376,77.13365821296539,63.0,49.1,Low,RD_039,Delhi
2025-08-11 15:28:12.516681,28.524058532865165,77.25499721429391,42.0,37.4,Low,RD_040,Delhi
2025-08-11 16:28:12.516681,28.663091917150652,77.14122846302479,63.0,46.1,Low,RD_041,Delhi
2025-08-11 17:28:12.516681,28.481876679297937,77.41033872475266,138.0,23.6,High,RD_042,Delhi
2025-08-11 18:28:12.516681,28.797045876585436,77.22265353310827,156.0,9.2,High,RD_043,Delhi
2025-08-11 19:28:12.516681,28.73184401207213,77.17246784486879,128.0,27.6,High,RD_044,Delhi
2025-08-11 20:28:12.516681,28.56698243478953,77.2274680305865,36.0,51.2,Low,RD_045,Delhi
2025-08-11 21:28:12.516681,28.44258654709091,77.07428737104703,34.0,55.8,Low,RD_046,Delhi
2025-08-11 22:28:12.516681,28.749287237416542,77.11183859614894,18.0,60.6,Low,RD_047,Delhi
2025-08-11 23:28:12.516681,28.60244601547474,77.32904139079444,16.0,61.2,Low,RD_048,Delhi
2025-08-12 00:28:12.516681,28.737681631197347,77.14331057210286,55.0,43.5,Low,RD_049,Delhi
2025-08-12 01:28:12.516681,28.454457234120564,77.10430890173181,36.0,53.2,Low,RD_000,Delhi
2025-08-12 02:28:12.516681,28.553962497704624,77.26266527525273,80.0,41.0,Low,RD_001,Delhi
2025-08-12 03:28:12.516681,28.614424369971818,77.3275704154663,61.0,39.7,Low,RD_002,Delhi
2025-08-12 04:28:12.516681,28.618598059376474,77.2808953310665,33.0,55.1,Low,RD_003,Delhi
2025-08-12 05:28:12.516681,28.568893452852077,77.30860476858058,61.0,49.7,Low,RD_004,Delhi
2025-08-12 06:28:12.516681,28.676184993234752,77.13332049114305,70.0,35.0,Low,RD_005,Delhi
2025-08-12 07:28:12.516681,28.50713795706174,77.06681893332582,121.0,31.7,High,RD_006,Delhi
2025-08-12 08:28:12.516681,28.599662051497873,77.35913336519555,99.0,28.3,Medium,RD_007,Delhi
2025-08-12 09:28:12.516681,28.62592956317119,77.17673201611579,138.0,10.6,High,RD_008,Delhi
2025-08-12 10:28:12.516681,28.665343883405875,77.1839166983545,40.0,51.0,Low,RD_009,Delhi
2025-08-12 11:28:12.516681,28.68506148780889,77.34181941418491,59.0,39.3,Low,RD_010,Delhi
2025-08-12 12:28:12.516681,28.501435790816213,77.26462300094006,47.0,53.9,Low,RD_011,Delhi
2025-08-12 13:28:12.516681,28.460488582926438,77.25458877720817,77.0,27.9,Low,RD_012,Delhi
2025-08-12 14:28:12.516681,28.741667682189853,77.42550023449012,61.0,38.7,Low,RD_013,Delhi
2025-08-12 15:28:12.516681,28.64713140119796,77.144648176962,51.0,39.7,Low,RD_014,Delhi
2025-08-12 16:28:12.516681,28.539051346344344,77.30178401280813,41.0,51.7,Low,RD_015,Delhi
2025-08-12 17:28:12.516681,28.769015197552253,77.21470131248971,154.0,17.8,High,RD_016,Delhi
2025-08-12 18:28:12.516681,28.62546746342929,77.23585922788632,155.0,15.5,High,RD_017,Delhi
2025-08-12 19:28:12.516681,28.731829718406384,77.36184684264126,98.0,32.6,Medium,RD_018,Delhi
2025-08-12 20:28:12.516681,28.620651848141012,77.25978357562897,74.0,41.8,Low,RD_019,Delhi
2025-08-12 21:28:12.516681,28.8199747924882,77.26282960790496,49.0,44.3,Low,RD_020,Delhi
2025-08-12 22:28:12.516681,28.78943408424432,77.31625073373098,40.0,56.0,Low,RD_021,Delhi
2025-08-12 23:28:12.516681,28.589003585152092,77.17250472704572,25.0,49.5,Low,RD_022,Delhi
2025-08-13 00:28:12.516681,28.711057095095438,77.1250790332661,39.0,57.3,Low,RD_023,Delhi
2025-08-13 01:28:12.516681,28.678437594958517,77.1045190805979,50.0,45.0,Low,RD_024,Delhi
2025-08-13 02:28:12.516681,28.750763155753237,77.01236434106241,65.0,40.5,Low,RD_025,Delhi
2025-08-13 03:28:12.516681,28.51740765394199,77.41462071299404,59.0,40.3,Low,RD_026,Delhi
2025-08-13 04:28:12.516681,28.682505145999844,77.09867916342783,67.0,30.9,Low,RD_027,Delhi
2025-08-13 05:28:12.516681,28.71974244868496,77.18687463764142,52.0,49.4,Low,RD_028,Delhi
2025-08-13 06:28:12.516681,28.43802605135769,77.18131867001111,54.0,36.8,Low,RD_029,Delhi
2025-08-13 07:28:12.516681,28.495574148733425,77.23974066978091,95.0,25.5,Medium,RD_030,Delhi
2025-08-13 08:28:12.516681,28.409976782223993,77.29057372125393,171.0,5.0,High,RD_031,Delhi
2025-08-13 09:28:12.516681,28.586959316555546,77.29504734883598,127.0,13.9,High,RD_032,Delhi
2025-08-13 10:28:12.516681,28.685654225579597,77.1506922561431,66.0,48.2,Low,RD_033,Delhi
2025-08-13 11:28:12.516681,28.764135705209604,77.19228782862136,73.0,34.1,Low,RD_034,Delhi
2025-08-13 12:28:12.516681,28.62130947804198,77.23725799504884,57.0,40.9,Low,RD_035,Delhi
2025-08-13 13:28:12.516681,28.77676155455713,77.18413088738164,57.0,37.9,Low,RD_036,Delhi
2025-08-13 14:28:12.516681,28.47588985417851,77.369734557602,58.0,48.6,Low,RD_037,Delhi
2025-08-13 15:28:12.516681,28.443561756064486,77.25809749516382,45.0,38.5,Low,RD_038,Delhi
2025-08-13 16:28:12.516681,28.608345230110338,77.28248777860499,50.0,38.0,Low,RD_039,Delhi
2025-08-13 17:28:12.516681,28.652306544893932,77.27528812686674,157.0,11.9,High,RD_040,Delhi
2025-08-13 18:28:12.516681,28.61063052519059,77.32634738574853,132.0,22.4,High,RD_041,Delhi
2025-08-13 19:28:12.516681,28.407155789996015,77.22710215587037,105.0,25.5,Medium,RD_042,Delhi
2025-08-13 20:28:12.516681,28.604987996048724,77.07931680520441,69.0,36.3,Low,RD_043,Delhi
2025-08-13 21:28:12.516681,28.483453049949517,77.24896879517527,74.0,28.8,Low,RD_044,Delhi
2025-08-13 22:28:12.516681,28.680867254883005,77.14386431062081,68.0,40.6,Low,RD_045,Delhi
2025-08-13 23:28:12.516681,28.650559824609687,77.15613833182503,62.0,41.4,Low,RD_046,Delhi
2025-08-14 00:28:12.516681,28.519912021367265,77.2676364018755,39.0,54.3,Low,RD_047,Delhi
2025-08-14 01:28:12.516681,28.562513308266333,77.33282830714337,36.0,56.2,Low,RD_048,Delhi
2025-08-14 02:28:12.516681,28.507978647811107,77.21112715767362,46.0,53.2,Low,RD_049,Delhi
2025-08-14 03:28:12.516681,28.607632090272684,77.2398833012599,70.0,45.0,Low,RD_000,Delhi
2025-08-14 04:28:12.516681,28.709414232050126,77.37922149446352,76.0,41.2,Low,RD_001,Delhi
2025-08-14 05:28:12.516681,28.515327395366448,77.23307531794886,49.0,37.3,Low,RD_002,Delhi
2025-08-14 06:28:12.516681,28.664304651551785,77.46916831141804,59.0,32.3,Low,RD_003,Delhi
2025-08-14 07:28:12.516681,28.560874238162757,77.26555096456316,153.0,17.1,High,RD_004,Delhi
2025-08-14 08:28:12.516681,28.534612716773765,77.03292372408443,118.0,17.6,Medium,RD_005,Delhi
2025-08-14 09:28:12.516681,28.603196964004546,77.28433416211045,107.0,26.9,Medium,RD_006,Delhi
2025-08-14 10:28:12.516681,28.510375767758063,77.24711583848828,68.0,43.6,Low,RD_007,Delhi
2025-08-14 11:28:12.516681,28.558535069465282,77.33797527540828,44.0,39.8,Low,RD_008,Delhi
2025-08-14 12:28:12.516681,28.494112210741115,77.276318135127,61.0,36.7,Low,RD_009,Delhi
2025-08-14 13:28:12.516681,28.81037251329164,77.19515440160163,53.0,53.1,Low,RD_010,Delhi
2025-08-14 14:28:12.516681,28.617426355197175,77.08657017637107,66.0,49.2,Low,RD_011,Delhi
2025-08-14 15:28:12.516681,28.543927449200744,77.1880976742714,41.0,37.7,Low,RD_012,Delhi
2025-08-14 16:28:12.516681,28.635297991073422,77.12394795457908,57.0,39.9,Low,RD_013,Delhi
2025-08-14 17:28:12.516681,28.602667195030918,77.15094765501954,116.0,20.2,Medium,RD_014,Delhi
2025-08-14 18:28:12.516681,28.591803040046678,77.26785784044206,131.0,12.7,High,RD_015,Delhi
2025-08-14 19:28:12.516681,28.675316670004342,77.37599045043514,98.0,33.6,Medium,RD_016,Delhi
2025-08-14 20:28:12.516681,28.689650771004732,77.2484671529823,79.0,41.3,Low,RD_017,Delhi
2025-08-14 21:28:12.516681,28.560849885238948,77.08941169379648,35.0,52.5,Low,RD_018,Delhi
2025-08-14 22:28:12.516681,28.556318175935534,77.25346026682202,75.0,33.5,Low,RD_019,Delhi
2025-08-14 23:28:12.516681,28.586394830284835,77.32866314866457,29.0,46.3,Low,RD_020,Delhi
2025-08-15 00:28:12.516681,28.383707883526444,77.14802170956807,28.0,48.6,Low,RD_021,Delhi
2025-08-15 01:28:12.516681,28.462380893780146,77.19559828333271,52.0,39.4,Low,RD_022,Delhi
2025-08-15 02:28:12.516681,28.750587426744453,77.21046881947292,51.0,53.7,Low,RD_023,Delhi
2025-08-15 03:28:12.516681,28.778396771350128,77.13051016869179,63.0,40.1,Low,RD_024,Delhi
2025-08-15 04:28:12.516681,28.58899639604436,77.27382804338438,56.0,35.2,Low,RD_025,Delhi
2025-08-15 05:28:12.516681,28.671555696305578,77.19690518513923,39.0,50.3,Low,RD_026,Delhi
2025-08-15 06:28:12.516681,28.645025015454355,77.2509532443907,78.0,28.6,Low,RD_027,Delhi
2025-08-15 07:28:12.516681,28.921788080845523,77.1202507822198,110.0,35.0,Medium,RD_028,Delhi
2025-08-15 08:28:12.516681,28.725857491143458,77.16525416996767,119.0,29.3,Medium,RD_029,Delhi
2025-08-15 09:28:12.516681,28.601108240851925,77.28123813578279,135.0,14.5,High,RD_030,Delhi
2025-08-15 10:28:12.516681,28.51834595593996,77.17171668479082,60.0,45.0,Low,RD_031,Delhi
2025-08-15 11:28:12.516681,28.453255367974243,77.38169638512335,53.0,51.1,Low,RD_032,Delhi
2025-08-15 12:28:12.516681,28.634246363586723,77.16903638143854,78.0,29.6,Low,RD_033,Delhi
2025-08-15 13:28:12.516681,28.53826492547157,77.23146847257519,61.0,45.7,Low,RD_034,Delhi
2025-08-15 14:28:12.516681,28.471674629040233,77.30225908318731,72.0,30.4,Low,RD_035,Delhi
2025-08-15 15:28:12.516681,28.549242711575747,77.0671634267067,32.0,55.4,Low,RD_036,Delhi
2025-08-15 16:28:12.516681,28.50574519963856,77.03291911880193,34.0,48.8,Low,RD_037,Delhi
2025-08-15 17:28:12.516681,28.782614163507258,77.056434368543,122.0,16.4,High,RD_038,Delhi
2025-08-15 18:28:12.516681,28.702063975694948,77.33525841034272,126.0,22.2,High,RD_039,Delhi
2025-08-15 19:28:12.516681,28.61310273586834,77.15381418541075,90.0,33.0,Medium,RD_040,Delhi
2025-08-15 20:28:12.516681,28.761894413889003,77.46481992856683,54.0,52.8,Low,RD_041,Delhi
2025-08-15 21:28:12.516681,28.621636830764764,77.15257524013427,77.0,44.9,Low,RD_042,Delhi
2025-08-15 22:28:12.516681,28.527771579867174,77.22745513031971,55.0,43.5,Low,RD_043,Delhi
2025-08-15 23:28:12.516681,28.766212407726968,77.3632109952568,56.0,37.2,Low,RD_044,Delhi
2025-08-16 00:28:12.516681,28.667791004368468,77.40960928881591,23.199999999999996,61.0,Low,RD_045,Delhi
2025-08-16 01:28:12.516681,28.510175384567354,77.41515035766365,26.0,59.2,Low,RD_046,Delhi
2025-08-16 02:28:12.516681,28.59486613219164,77.32983662305932,51.099999999999994,43.7,Low,RD_047,Delhi
2025-08-16 03:28:12.516681,28.526338174661525,77.31140625258115,51.3,47.6,Low,RD_048,Delhi
2025-08-16 04:28:12.516681,28.475620026903567,77.26825269492012,39.0,48.3,Low,RD_049,Delhi
2025-08-16 05:28:12.516681,28.706517754753165,77.28683610761667,37.599999999999994,55.7,Low,RD_000,Delhi
2025-08-16 06:28:12.516681,28.804841664047014,77.15388142836714,37.0,48.9,Low,RD_001,Delhi
2025-08-16 07:28:12.516681,28.474043242618087,77.12718011165778,107.0,21.9,Medium,RD_002,Delhi
2025-08-16 08:28:12.516681,28.670196923669057,77.20866255425891,105.39999999999999,26.4,Medium,RD_003,Delhi
2025-08-16 09:28:12.516681,28.548835743087817,77.19198153774751,77.3,44.8,Low,RD_004,Delhi
2025-08-16 10:28:12.516681,28.56518746162353,77.16367719506728,15.0,51.5,Low,RD_005,Delhi
2025-08-16 11:28:12.516681,28.554660607576114,77.27863874474568,18.0,44.6,Low,RD_006,Delhi
2025-08-16 12:28:12.516681,28.52750092303202,77.30453052085706,29.0,48.3,Low,RD_007,Delhi
2025-08-16 13:28:12.516681,28.618752162794483,77.21784068862918,26.0,59.2,Low,RD_008,Delhi
2025-08-16 14:28:12.516681,28.5308049883589,77.35675300810553,61.0,47.7,Low,RD_009,Delhi
2025-08-16 15:28:12.516681,28.640945682577986,77.09483108858666,43.0,50.1,Low,RD_010,Delhi
2025-08-16 16:28:12.516681,28.60887618905509,77.18963405407203,28.0,58.6,Low,RD_011,Delhi
2025-08-16 17:28:12.516681,28.59000519531336,77.13731776793972,112.3,31.3,Medium,RD_012,Delhi
2025-08-16 18:28:12.516681,28.52314363379584,77.02234633829269,114.39999999999999,29.7,Medium,RD_013,Delhi
2025-08-16 19:28:12.516681,28.556222866943166,77.20073193141573,96.69999999999999,40.0,Medium,RD_014,Delhi
2025-08-16 20:28:12.516681,28.689439122582577,77.19682524916168,44.0,41.8,Low,RD_015,Delhi
2025-08-16 21:28:12.516681,28.66399171876244,77.36034497432422,17.0,56.9,Low,RD_016,Delhi
2025-08-16 22:28:12.516681,28.516144475520147,77.27208116845549,10.399999999999999,50.9,Low,RD_017,Delhi
2025-08-16 23:28:12.516681,28.623833230542925,77.10658131756708,49.199999999999996,36.2,Low,RD_018,Delhi
2025-08-17 00:28:12.516681,28.68903871233718,77.39440925663342,28.099999999999998,51.6,Low,RD_019,Delhi
2025-08-17 01:28:12.516681,28.446959471887865,77.33110336955254,48.9,42.3,Low,RD_020,Delhi
2025-08-17 02:28:12.516681,28.668236019237995,77.26720977034687,29.0,60.3,Low,RD_021,Delhi
2025-08-17 03:28:12.516681,28.547637624105416,77.18635159011502,33.9,46.8,Low,RD_022,Delhi
2025-08-17 04:28:12.516681,28.670959866859317,77.11305607632765,47.5,51.8,Low,RD_023,Delhi
2025-08-17 05:28:12.516681,28.53757408434575,77.1717793223929,29.299999999999997,54.2,Low,RD_024,Delhi
2025-08-17 06:28:12.516681,28.433411789933547,77.31787486197042,57.0,38.9,Low,RD_025,Delhi
2025-08-17 07:28:12.516681,28.451145756211684,77.39745863059346,104.5,32.7,Medium,RD_026,Delhi
2025-08-17 08:28:12.516681,28.61870849466614,77.36332435282722,108.89999999999999,25.3,Medium,RD_027,Delhi
2025-08-17 09:28:12.516681,28.63987225017215,77.16011505782137,92.8,26.2,Medium,RD_028,Delhi
2025-08-17 10:28:12.516681,28.52346833748956,77.0970382566711,56.0,49.2,Low,RD_029,Delhi
2025-08-17 11:28:12.516681,28.677759245877738,77.22308862469113,61.0,38.7,Low,RD_030,Delhi
2025-08-17 12:28:12.516681,28.447747993773106,77.03215606344372,29.0,54.3,Low,RD_031,Delhi
2025-08-17 13:28:12.516681,28.60729202013527,77.24131677141848,34.0,45.8,Low,RD_032,Delhi
2025-08-17 14:28:12.516681,28.492798380023757,77.19423974137014,26.0,58.2,Low,RD_033,Delhi
2025-08-17 15:28:12.516681,28.548716389219784,77.16239634981318,31.0,49.7,Low,RD_034,Delhi
2025-08-17 16:28:12.516681,28.61863986713164,77.04952969327333,44.0,54.8,Low,RD_035,Delhi
2025-08-17 17:28:12.516681,28.527858663471605,77.26036001065698,91.5,23.5,Medium,RD_036,Delhi
2025-08-17 18:28:12.516681,28.57544444557702,77.1557299160338,90.3,33.9,Medium,RD_037,Delhi
2025-08-17 19:28:12.516681,28.714529280921447,77.09200831642897,92.1,39.4,Medium,RD_038,Delhi
2025-08-17 20:28:12.516681,28.556210813047684,76.92177377867183,52.0,43.4,Low,RD_039,Delhi
2025-08-17 21:28:12.516681,28.697469211206514,77.20624850949494,46.0,55.2,Low,RD_040,Delhi
2025-08-17 22:28:12.516681,28.50092931453424,77.38622515966698,46.8,55.0,Low,RD_041,Delhi
2025-08-17 23:28:12.516681,28.66688041779153,77.3751259214548,38.4,45.5,Low,RD_042,Delhi
2025-08-18 00:28:12.516681,28.758056862065793,77.16329037434137,56.0,44.2,Low,RD_043,Delhi
2025-08-18 01:28:12.516681,28.366735549987272,77.14877879396383,55.0,40.5,Low,RD_044,Delhi
2025-08-18 02:28:12.516681,28.534210474452955,77.25587742560751,65.0,37.5,Low,RD_045,Delhi
2025-08-18 03:28:12.516681,28.671607212718055,77.10916145608117,67.0,38.9,Low,RD_046,Delhi
2025-08-18 04:28:12.516681,28.5935954613957,77.23917918998195,43.0,53.1,Low,RD_047,Delhi
2025-08-18 05:28:12.516681,28.651014587337134,77.28560802783848,25.0,45.5,Low,RD_048,Delhi
2025-08-18 06:28:12.516681,28.553501481328418,77.33169332238843,66.0,33.2,Low,RD_049,Delhi
2025-08-18 07:28:12.516681,28.622558978747293,77.198984592352,127.0,16.9,High,RD_000,Delhi
2025-08-18 08:28:12.516681,28.598332276460795,77.1886326249823,125.0,13.5,High,RD_001,Delhi
2025-08-18 09:28:12.516681,28.730678206165983,77.12120174132434,120.0,27.0,Medium,RD_002,Delhi
2025-08-18 10:28:12.516681,28.63934208433012,77.12631196459601,61.0,35.7,Low,RD_003,Delhi
2025-08-18 11:28:12.516681,28.64766026620752,77.18635211080985,67.0,38.9,Low,RD_004,Delhi
2025-08-18 12:28:12.516681,28.572712303387753,77.24573655068163,69.0,42.3,Low,RD_005,Delhi
2025-08-18 13:28:12.516681,28.56513937759275,77.30035846262332,53.0,36.1,Low,RD_006,Delhi
2025-08-18 14:28:12.516681,28.57064418121804,77.12868210493197,73.0,43.1,Low,RD_007,Delhi
2025-08-18 15:28:12.516681,28.65334521423783,77.35826885689596,52.0,50.4,Low,RD_008,Delhi
2025-08-18 16:28:12.516681,28.571801551917975,77.18188763989575,30.0,50.0,Low,RD_009,Delhi
2025-08-18 17:28:12.516681,28.64287748568964,77.20686327056517,154.0,11.8,High,RD_010,Delhi
2025-08-18 18:28:12.516681,28.821440079864544,77.13427883208522,113.0,31.1,Medium,RD_011,Delhi
2025-08-18 19:28:12.516681,28.70101247034317,76.96657597397271,108.0,24.6,Medium,RD_012,Delhi
2025-08-18 20:28:12.516681,28.581297646783216,77.2974045396361,46.0,50.2,Low,RD_013,Delhi
2025-08-18 21:28:12.516681,28.734021392216395,77.28268438970925,71.0,42.7,Low,RD_014,Delhi
2025-08-18 22:28:12.516681,28.573092462697847,77.18086724428818,62.0,43.4,Low,RD_015,Delhi
2025-08-18 23:28:12.516681,28.410087546482217,77.2156990717225,57.0,40.9,Low,RD_016,Delhi
2025-08-19 00:28:12.516681,28.51309136890826,77.26059392177041,36.0,56.2,Low,RD_017,Delhi
2025-08-19 01:28:12.516681,28.426820807897414,77.05274541431135,37.0,46.9,Low,RD_018,Delhi
2025-08-19 02:28:12.516681,28.57874865159587,77.15609473226537,64.0,35.8,Low,RD_019,Delhi
2025-08-19 03:28:12.516681,28.615741837918957,77.28842646796218,34.0,41.8,Low,RD_020,Delhi
2025-08-19 04:28:12.516681,28.78154373122753,77.08357105768307,42.0,52.4,Low,RD_021,Delhi
2025-08-19 05:28:12.516681,28.646592737376416,77.23835579321667,70.0,32.0,Low,RD_022,Delhi
2025-08-19 06:28:12.516681,28.591989947119114,77.07334181953766,54.0,40.8,Low,RD_023,Delhi
2025-08-19 07:28:12.516681,28.69684055811835,77.25564299824336,136.0,25.2,High,RD_024,Delhi
2025-08-19 08:28:12.516681,28.392786469099214,77.20543585177026,164.0,5.8,High,RD_025,Delhi
2025-08-19 09:28:12.516681,28.637461455810858,77.04748681840945,110.0,30.0,Medium,RD_026,Delhi
2025-08-19 10:28:12.516681,28.690986519388698,77.32547393544571,60.0,35.0,Low,RD_027,Delhi
2025-08-19 11:28:12.516681,28.466041375422016,77.1355408423202,68.0,36.6,Low,RD_028,Delhi
2025-08-19 12:28:12.516681,28.728275404320694,77.12797475629857,54.0,45.8,Low,RD_029,Delhi
2025-08-19 13:28:12.516681,28.647749640749442,77.22905691972309,61.0,36.7,Low,RD_030,Delhi
2025-08-19 14:28:12.516681,28.572371208609923,77.32386373494288,67.0,31.9,Low,RD_031,Delhi
2025-08-19 15:28:12.516681,28.67717818661063,77.10741781810216,57.0,34.9,Low,RD_032,Delhi
2025-08-19 16:28:12.516681,28.840969285780442,77.2151679849848,74.0,28.8,Low,RD_033,Delhi
2025-08-19 17:28:12.516681,28.63208662550585,77.25188165003306,116.0,20.2,Medium,RD_034,Delhi
2025-08-19 18:28:12.516681,28.638722058630034,77.27831056072631,94.0,26.8,Medium,RD_035,Delhi
2025-08-19 19:28:12.516681,28.567963910045975,77.22664415552772,124.0,14.8,High,RD_036,Delhi
2025-08-19 20:28:12.516681,28.528915563053523,77.17229721609166,39.0,40.3,Low,RD_037,Delhi
2025-08-19 21:28:12.516681,28.696933581654427,77.12624097793513,41.0,53.7,Low,RD_038,Delhi
2025-08-19 22:28:12.516681,28.528291617409113,77.21761438830464,66.0,34.2,Low,RD_039,Delhi
2025-08-19 23:28:12.516681,28.62105662372194,77.10178609880144,63.0,39.1,Low,RD_040,Delhi
2025-08-20 00:28:12.516681,28.56613425532349,76.91686495165054,59.0,51.3,Low,RD_041,Delhi
2025-08-20 01:28:12.516681,28.66179798257464,77.25265598041577,37.0,41.9,Low,RD_042,Delhi
2025-08-20 02:28:12.516681,28.647266210528695,77.29939348410862,66.0,39.2,Low,RD_043,Delhi
2025-08-20 03:28:12.516681,28.717653994425792,76.97270675644582,75.0,46.5,Low,RD_044,Delhi
2025-08-20 04:28:12.516681,28.562898360114527,77.108026929529,41.0,53.7,Low,RD_045,Delhi
2025-08-20 05:28:12.516681,28.586912506470664,77.27091542610053,66.0,30.2,Low,RD_046,Delhi
2025-08-20 06:28:12.516681,28.51602362842177,77.41474954697118,30.0,55.0,Low,RD_047,Delhi
2025-08-20 07:28:12.516681,28.56947067399239,77.21107937076755,108.0,24.6,Medium,RD_048,Delhi
2025-08-20 08:28:12.516681,28.651630049304487,77.13619970587709,155.0,15.5,High,RD_049,Delhi
2025-08-20 09:28:12.516681,28.689598861664535,77.19071035588952,147.0,12.9,High,RD_000,Delhi
2025-08-20 10:28:12.516681,28.52168346758224,77.34648764191482,37.0,52.9,Low,RD_001,Delhi
2025-08-20 11:28:12.516681,28.700860592010567,77.14440358208755,42.0,43.4,Low,RD_002,Delhi
2025-08-20 12:28:12.516681,28.749463785880497,77.12908079933497,66.0,46.2,Low,RD_003,Delhi
2025-08-20 13:28:12.516681,28.65524349032237,77.1607256477818,57.0,47.9,Low,RD_004,Delhi
2025-08-20 14:28:12.516681,28.801579581255808,77.11366713917413,31.0,57.7,Low,RD_005,Delhi
2025-08-20 15:28:12.516681,28.536521080089642,77.22126703159948,46.0,42.2,Low,RD_006,Delhi
2025-08-20 16:28:12.516681,28.48943452966886,77.37146784584696,42.0,54.4,Low,RD_007,Delhi
2025-08-20 17:28:12.516681,28.436027975109575,77.24130792731161,153.0,21.1,High,RD_008,Delhi
2025-08-20 18:28:12.516681,28.76350443114892,77.18376464978738,134.0,24.8,High,RD_009,Delhi
2025-08-20 19:28:12.516681,28.679336565635406,77.17981887310845,135.0,27.5,High,RD_010,Delhi
2025-08-20 20:28:12.516681,28.608341532908955,77.05268091913034,44.0,44.8,Low,RD_011,Delhi
2025-08-20 21:28:12.516681,28.641896862631985,77.29731097771472,39.0,49.3,Low,RD_012,Delhi
2025-08-20 22:28:12.516681,28.501351095270163,77.20121628029872,52.0,53.4,Low,RD_013,Delhi
2025-08-20 23:28:12.516681,28.858475197961685,77.19095200864093,71.0,47.7,Low,RD_014,Delhi
2025-08-21 00:28:12.516681,28.626822118197524,77.52831075678449,64.0,30.8,Low,RD_015,Delhi
2025-08-21 01:28:12.516681,28.62483947946049,77.23887529083657,55.0,43.5,Low,RD_016,Delhi
2025-08-21 02:28:12.516681,28.68647666238987,77.13382089499048,26.0,50.2,Low,RD_017,Delhi
2025-08-21 03:28:12.516681,28.66200092317367,77.16636424037945,35.0,39.5,Low,RD_018,Delhi
2025-08-21 04:28:12.516681,28.636288402427915,77.32384457091968,35.0,46.5,Low,RD_019,Delhi
2025-08-21 05:28:12.516681,28.53485255445547,77.22032704105378,43.0,48.1,Low,RD_020,Delhi
2025-08-21 06:28:12.516681,28.661046835713602,77.06517220216827,30.0,51.0,Low,RD_021,Delhi
2025-08-21 07:28:12.516681,28.802102449647503,77.30092289345752,160.0,20.0,High,RD_022,Delhi
2025-08-21 08:28:12.516681,28.748442004615498,77.14218559144611,128.0,21.6,High,RD_023,Delhi
2025-08-21 09:28:12.516681,28.77321866266394,77.39632977762176,126.0,12.2,High,RD_024,Delhi
2025-08-21 10:28:12.516681,28.562778432356883,77.31700480657146,61.0,38.7,Low,RD_025,Delhi
2025-08-21 11:28:12.516681,28.514939517974142,77.16426781043413,52.0,39.4,Low,RD_026,Delhi
2025-08-21 12:28:12.516681,28.601321307990037,77.33710163617351,51.0,51.7,Low,RD_027,Delhi
2025-08-21 13:28:12.516681,28.61947249122887,77.21578555105275,67.0,33.9,Low,RD_028,Delhi
2025-08-21 14:28:12.516681,28.723319151847097,77.29427736751222,74.0,45.8,Low,RD_029,Delhi
2025-08-21 15:28:12.516681,28.44465353702852,77.25747328172945,37.0,46.9,Low,RD_030,Delhi
2025-08-21 16:28:12.516681,28.76685503194606,77.12436433450091,78.0,28.6,Low,RD_031,Delhi
2025-08-21 17:28:12.516681,28.598099210142102,77.14464501676825,113.0,32.1,Medium,RD_032,Delhi
2025-08-21 18:28:12.516681,28.57121189300526,77.31199608175812,101.0,26.7,Medium,RD_033,Delhi
2025-08-21 19:28:12.516681,28.512689562473984,77.17552246678935,136.0,25.2,High,RD_034,Delhi
2025-08-21 20:28:12.516681,28.448414332813424,77.16863515367581,35.0,57.5,Low,RD_035,Delhi
2025-08-21 21:28:12.516681,28.696217058396194,77.11348774206506,67.0,30.9,Low,RD_036,Delhi
2025-08-21 22:28:12.516681,28.621231796718842,77.25135990655934,51.0,52.7,Low,RD_037,Delhi
2025-08-21 23:28:12.516681,28.484903910025896,77.41525249192432,32.0,56.4,Low,RD_038,Delhi
2025-08-22 00:28:12.516681,28.48439212279364,77.10224670857457,55.0,45.5,Low,RD_039,Delhi
2025-08-22 01:28:12.516681,28.58032153007099,77.21142194566728,60.0,48.0,Low,RD_040,Delhi
2025-08-22 02:28:12.516681,28.780802152528942,77.35022205554155,53.0,47.1,Low,RD_041,Delhi
2025-08-22 03:28:12.516681,28.58794086486364,77.20103586087544,62.0,44.4,Low,RD_042,Delhi
2025-08-22 04:28:12.516681,28.46358570468819,77.25423717962498,44.0,36.8,Low,RD_043,Delhi
2025-08-22 05:28:12.516681,28.589325693591405,77.10276064718532,36.0,54.2,Low,RD_044,Delhi
2025-08-22 06:28:12.516681,28.586627643025235,77.25183070972076,69.0,29.3,Low,RD_045,Delhi
2025-08-22 07:28:12.516681,28.344211335705843,77.19028557349955,98.0,35.6,Medium,RD_046,Delhi
2025-08-22 08:28:12.516681,28.60847051334822,77.307572999568,132.0,15.4,High,RD_047,Delhi
2025-08-22 09:28:12.516681,28.590806546979135,77.32773860515648,149.0,13.3,High,RD_048,Delhi
2025-08-22 10:28:12.516681,28.683520636481344,77.46795636420187,76.0,42.2,Low,RD_049,Delhi
2025-08-22 11:28:12.516681,28.798795609494537,77.26696331732136,41.0,50.7,Low,RD_000,Delhi
2025-08-22 12:28:12.516681,28.726556502954775,77.24157963165823,74.0,28.8,Low,RD_001,Delhi
2025-08-22 13:28:12.516681,28.587011130944518,77.22843843015774,32.0,49.4,Low,RD_002,Delhi
2025-08-22 14:28:12.516681,28.503247409125834,77.17368337071893,38.0,57.6,Low,RD_003,Delhi
2025-08-22 15:28:12.516681,28.871235980324986,77.24284838434617,69.0,38.3,Low,RD_004,Delhi
2025-08-22 16:28:12.516681,28.61982184340145,77.1794598589861,48.0,37.6,Low,RD_005,Delhi
2025-08-22 17:28:12.516681,28.615292929191295,77.22584609762697,107.0,19.9,Medium,RD_006,Delhi
2025-08-22 18:28:12.516681,28.611487491289,77.3407597535608,121.0,29.7,High,RD_007,Delhi
2025-08-22 19:28:12.516681,28.633708476076787,77.10834574347204,128.0,22.6,High,RD_008,Delhi
2025-08-22 20:28:12.516681,28.599463958807608,77.3229878561129,70.0,40.0,Low,RD_009,Delhi
2025-08-22 21:28:12.516681,28.55653379931198,77.340711506734,55.0,47.5,Low,RD_010,Delhi
2025-08-22 22:28:12.516681,28.559214105875963,77.1971931473009,33.0,57.1,Low,RD_011,Delhi
2025-08-22 23:28:12.516681,28.6106246729784,76.99681451009914,40.0,41.0,Low,RD_012,Delhi
2025-08-23 00:28:12.516681,28.559557522886625,77.14821780129056,63.4,46.0,Low,RD_013,Delhi
2025-08-23 01:28:12.516681,28.542615421732286,77.33869945465611,25.0,43.5,Low,RD_014,Delhi
2025-08-23 02:28:12.516681,28.624543022769192,77.20671319377011,23.299999999999997,62.0,Low,RD_015,Delhi
2025-08-23 03:28:12.516681,28.588402278257917,77.10906977677051,33.199999999999996,40.0,Low,RD_016,Delhi
2025-08-23 04:28:12.516681,28.76429929885827,77.15852250787718,51.3,48.6,Low,RD_017,Delhi
2025-08-23 05:28:12.516681,28.348803019160698,77.29306200265046,63.5,50.0,Low,RD_018,Delhi
2025-08-23 06:28:12.516681,28.72305068519225,77.26367335682014,29.0,54.3,Low,RD_019,Delhi
2025-08-23 07:28:12.516681,28.738508519249763,77.18510679008304,86.8,28.0,Medium,RD_020,Delhi
2025-08-23 08:28:12.516681,28.406560976759184,77.17231755881853,101.5,29.6,Medium,RD_021,Delhi
2025-08-23 09:28:12.516681,28.579631240591965,77.16982418509562,125.89999999999999,26.2,High,RD_022,Delhi
2025-08-23 10:28:12.516681,28.576755913400422,77.11675898155015,37.0,41.9,Low,RD_023,Delhi
2025-08-23 11:28:12.516681,28.47314883052822,77.37053756894694,41.0,54.7,Low,RD_024,Delhi
2025-08-23 12:28:12.516681,28.536118331240914,77.17676795307887,35.0,41.5,Low,RD_025,Delhi
2025-08-23 13:28:12.516681,28.50284241545342,77.33071585208255,36.0,46.2,Low,RD_026,Delhi
2025-08-23 14:28:12.516681,28.789127044342365,77.36113160519224,37.0,40.9,Low,RD_027,Delhi
2025-08-23 15:28:12.516681,28.70746783931475,77.3088310898148,54.0,50.8,Low,RD_028,Delhi
2025-08-23 16:28:12.516681,28.741055509499418,77.1658379687282,24.0,61.8,Low,RD_029,Delhi
2025-08-23 17:28:12.516681,28.686067206404324,77.24937300903366,90.6,32.8,Medium,RD_030,Delhi
2025-08-23 18:28:12.516681,28.50099482287828,77.2065804393609,96.8,25.0,Medium,RD_031,Delhi
2025-08-23 19:28:12.516681,28.561447973372022,77.11862981392699,117.8,18.7,Medium,RD_032,Delhi
2025-08-23 20:28:12.516681,28.662837456122794,77.24143592817217,23.0,58.1,Low,RD_033,Delhi
2025-08-23 21:28:12.516681,28.491687219110805,77.09109602088402,16.0,45.2,Low,RD_034,Delhi
2025-08-23 22:28:12.516681,28.68519984301724,77.32776793884616,34.9,49.5,Low,RD_035,Delhi
2025-08-23 23:28:12.516681,28.589867460184188,77.16253827027016,62.9,42.1,Low,RD_036,Delhi
2025-08-24 00:28:12.516681,28.576417919245042,77.22911596558728,30.2,52.9,Low,RD_037,Delhi
2025-08-24 01:28:12.516681,28.68499599682035,77.23732878715462,26.199999999999996,50.1,Low,RD_038,Delhi
2025-08-24 02:28:12.516681,28.658326331148604,77.18310950262959,35.2,53.4,Low,RD_039,Delhi
2025-08-24 03:28:12.516681,28.577803383418093,77.26766938014752,31.7,59.5,Low,RD_040,Delhi
2025-08-24 04:28:12.516681,28.729832980336425,77.16150963433775,28.799999999999997,41.4,Low,RD_041,Delhi
2025-08-24 05:28:12.516681,28.50579366724001,77.29612972974573,37.4,45.8,Low,RD_042,Delhi
2025-08-24 06:28:12.516681,28.675493560694427,77.07440203197532,51.0,48.7,Low,RD_043,Delhi
2025-08-24 07:28:12.516681,28.67321012579684,77.22163795795464,50.0,44.0,Low,RD_044,Delhi
2025-08-24 08:28:12.516681,28.582945356068603,77.40289289990584,98.69999999999999,34.4,Medium,RD_045,Delhi
2025-08-24 09:28:12.516681,28.646513302224214,77.10896686753945,82.19999999999999,30.3,Medium,RD_046,Delhi
2025-08-24 10:28:12.516681,28.48878864236147,77.14122550294752,49.0,47.3,Low,RD_047,Delhi
2025-08-24 11:28:12.516681,28.70630270192069,77.26039078496589,30.0,48.0,Low,RD_048,Delhi
2025-08-24 12:28:12.516681,28.595409786355702,77.22695817819397,61.0,47.7,Low,RD_049,Delhi
2025-08-24 13:28:12.516681,28.561627697948097,77.24406300992736,31.0,52.7,Low,RD_000,Delhi
2025-08-24 14:28:12.516681,28.71880092258369,77.25791871301477,31.0,45.7,Low,RD_001,Delhi
2025-08-24 15:28:12.516681,28.543465630945725,77.27247214685617,31.0,55.7,Low,RD_002,Delhi
2025-08-24 16:28:12.516681,28.473053870363646,77.31996998419562,28.0,53.6,Low,RD_003,Delhi
2025-08-24 17:28:12.516681,28.45823708264761,77.24998186569286,87.5,36.8,Medium,RD_004,Delhi
2025-08-24 18:28:12.516681,28.674500995134565,77.18487423453814,105.1,25.5,Medium,RD_005,Delhi
2025-08-24 19:28:12.516681,28.485857064750373,77.27625737012028,85.8,36.3,Medium,RD_006,Delhi
2025-08-24 20:28:12.516681,28.789379418198436,77.39898819348953,63.0,33.1,Low,RD_007,Delhi
2025-08-24 21:28:12.516681,28.40570705921163,77.19573662536175,20.0,48.0,Low,RD_008,Delhi
2025-08-24 22:28:12.516681,28.783545636829004,77.11154706953293,63.699999999999996,31.9,Low,RD_009,Delhi
2025-08-24 23:28:12.516681,28.635001746720263,77.3197080669287,64.5,34.7,Low,RD_010,Delhi
2025-08-25 00:28:12.516681,28.604228688812963,77.19696188360464,54.0,38.8,Low,RD_011,Delhi
2025-08-25 01:28:12.516681,28.559408091319106,76.9917330453986,64.0,47.8,Low,RD_012,Delhi
2025-08-25 02:28:12.516681,28.653813611435208,77.29374216771504,29.0,54.3,Low,RD_013,Delhi
2025-08-25 03:28:12.516681,28.610136529757515,77.15546718140462,35.0,45.5,Low,RD_014,Delhi
2025-08-25 04:28:12.516681,28.724230188201652,77.19994667176958,35.0,57.5,Low,RD_015,Delhi
2025-08-25 05:28:12.516681,28.625322764866205,77.24219803305691,66.0,41.2,Low,RD_016,Delhi
2025-08-25 06:28:12.516681,28.628930176146188,77.22804996797791,64.0,46.8,Low,RD_017,Delhi
2025-08-25 07:28:12.516681,28.577538778778614,77.27994518171391,132.0,29.4,High,RD_018,Delhi
2025-08-25 08:28:12.516681,28.608205437627895,77.16545136294302,149.0,20.3,High,RD_019,Delhi
2025-08-25 09:28:12.516681,28.644680176889207,77.26031057981761,162.0,17.4,High,RD_020,Delhi
2025-08-25 10:28:12.516681,28.44288316073434,77.1830453322416,36.0,49.2,Low,RD_021,Delhi
2025-08-25 11:28:12.516681,28.47908145778943,77.28288104808875,79.0,26.3,Low,RD_022,Delhi
2025-08-25 12:28:12.516681,28.688226409402272,77.27053674840131,64.0,33.8,Low,RD_023,Delhi
2025-08-25 13:28:12.516681,28.630986543812796,77.11545612979555,42.0,42.4,Low,RD_024,Delhi
2025-08-25 14:28:12.516681,28.595501666364733,77.31759821161751,43.0,41.1,Low,RD_025,Delhi
2025-08-25 15:28:12.516681,28.61574339330654,77.1554036554886,77.0,40.9,Low,RD_026,Delhi
2025-08-25 16:28:12.516681,28.64865817053617,77.28980577982811,76.0,30.2,Low,RD_027,Delhi
2025-08-25 17:28:12.516681,28.559924031969064,77.24572873134014,134.0,24.8,High,RD_028,Delhi
2025-08-25 18:28:12.516681,28.53606952745977,77.39281836767951,127.0,23.9,High,RD_029,Delhi
2025-08-25 19:28:12.516681,28.63348452550977,77.18665340176281,111.0,18.7,Medium,RD_030,Delhi
2025-08-25 20:28:12.516681,28.516062722238498,77.17406832038819,37.0,52.9,Low,RD_031,Delhi
2025-08-25 21:28:12.516681,28.654725275571447,77.20705803941124,72.0,36.4,Low,RD_032,Delhi
2025-08-25 22:28:12.516681,28.443641639576217,77.17868202171658,60.0,33.0,Low,RD_033,Delhi
2025-08-25 23:28:12.516681,28.716815563732567,77.2889941901942,23.0,54.1,Low,RD_034,Delhi
2025-08-26 00:28:12.516681,28.661159748241307,77.04736893915634,66.0,39.2,Low,RD_035,Delhi
2025-08-26 01:28:12.516681,28.639502973431387,77.10363175808537,53.0,36.1,Low,RD_036,Delhi
2025-08-26 02:28:12.516681,28.712169098394554,77.10221970784208,48.0,40.6,Low,RD_037,Delhi
2025-08-26 03:28:12.516681,28.78044744444626,77.30403075919736,76.0,31.2,Low,RD_038,Delhi
2025-08-26 04:28:12.516681,28.715337006501812,77.3800613372582,58.0,38.6,Low,RD_039,Delhi
2025-08-26 05:28:12.516681,28.429812576866837,77.19855507814626,70.0,39.0,Low,RD_040,Delhi
2025-08-26 06:28:12.516681,28.485942303326432,77.192117827681,74.0,31.8,Low,RD_041,Delhi
2025-08-26 07:28:12.516681,28.551418142230432,77.21600521631132,114.0,28.8,Medium,RD_042,Delhi
2025-08-26 08:28:12.516681,28.616509105021084,77.32518783026082,126.0,17.2,High,RD_043,Delhi
2025-08-26 09:28:12.516681,28.665665902046914,77.11626468658095,152.0,21.4,High,RD_044,Delhi
2025-08-26 10:28:12.516681,28.541325618684656,77.23283689827348,44.0,43.8,Low,RD_045,Delhi
2025-08-26 11:28:12.516681,28.63257667644771,77.30651976297824,61.0,39.7,Low,RD_046,Delhi
2025-08-26 12:28:12.516681,28.538361706764668,77.259109416994,66.0,39.2,Low,RD_047,Delhi
2025-08-26 13:28:12.516681,28.552748219700806,77.22795816165987,49.0,40.3,Low,RD_048,Delhi
2025-08-26 14:28:12.516681,28.47323389031518,77.30910460925672,77.0,28.9,Low,RD_049,Delhi
2025-08-26 15:28:12.516681,28.52157667538891,76.93867677070008,71.0,38.7,Low,RD_000,Delhi
2025-08-26 16:28:12.516681,28.478731539438368,77.27678753195309,72.0,44.4,Low,RD_001,Delhi
2025-08-26 17:28:12.516681,28.516312674702267,77.14359243168727,114.0,18.8,Medium,RD_002,Delhi
2025-08-26 18:28:12.516681,28.719264179660787,77.02593671031435,136.0,27.2,High,RD_003,Delhi
2025-08-26 19:28:12.516681,28.518960111116808,77.2601202599525,115.0,20.5,Medium,RD_004,Delhi
2025-08-26 20:28:12.516681,28.87713820648374,77.34636585451629,64.0,30.8,Low,RD_005,Delhi
2025-08-26 21:28:12.516681,28.66323179008809,77.19525514853723,49.0,50.3,Low,RD_006,Delhi
2025-08-26 22:28:12.516681,28.632383612369487,77.3042874547203,42.0,49.4,Low,RD_007,Delhi
2025-08-26 23:28:12.516681,28.52806422198188,77.37022782579886,77.0,28.9,Low,RD_008,Delhi
2025-08-27 00:28:12.516681,28.6839309879409,77.34049144535841,29.0,54.3,Low,RD_009,Delhi
2025-08-27 01:28:12.516681,28.556336217376224,77.37299645293714,27.0,57.9,Low,RD_010,Delhi
2025-08-27 02:28:12.516681,28.626100981464536,77.2832127491072,76.0,35.2,Low,RD_011,Delhi
2025-08-27 03:28:12.516681,28.86990845382688,77.21654336389017,41.0,55.7,Low,RD_012,Delhi
2025-08-27 04:28:12.516681,28.604294010027537,77.04880341881028,84.0,28.8,Medium,RD_013,Delhi
2025-08-27 05:28:12.516681,28.72882733262857,77.184393751187,46.0,37.2,Low,RD_014,Delhi
2025-08-27 06:28:12.516681,28.543582357487413,77.12467534046839,74.0,42.8,Low,RD_015,Delhi
2025-08-27 07:28:12.516681,28.610401150950306,77.42609427174979,150.0,14.0,High,RD_016,Delhi
2025-08-27 08:28:12.516681,28.790980063563552,77.19141141875677,134.0,22.8,High,RD_017,Delhi
2025-08-27 09:28:12.516681,28.551203294221224,77.22132048067846,149.0,18.3,High,RD_018,Delhi
2025-08-27 10:28:12.516681,28.795144855799695,77.26414853760404,64.0,49.8,Low,RD_019,Delhi
2025-08-27 11:28:12.516681,28.684675193545548,77.21336024463724,77.0,27.9,Low,RD_020,Delhi
2025-08-27 12:28:12.516681,28.557653322410573,77.37850510404307,39.0,40.3,Low,RD_021,Delhi
2025-08-27 13:28:12.516681,28.677140773905553,77.14673506382655,40.0,48.0,Low,RD_022,Delhi
2025-08-27 14:28:12.516681,28.711155444962674,77.22846074552373,50.0,47.0,Low,RD_023,Delhi
2025-08-27 15:28:12.516681,28.67608099622172,77.1347529414302,36.0,55.2,Low,RD_024,Delhi
2025-08-27 16:28:12.516681,28.456877528010956,77.07699774887793,31.0,51.7,Low,RD_025,Delhi
2025-08-27 17:28:12.516681,28.541186282417513,77.14782309090947,138.0,18.6,High,RD_026,Delhi
2025-08-27 18:28:12.516681,28.58914813644485,77.20529632029516,143.0,25.1,High,RD_027,Delhi
2025-08-27 19:28:12.516681,28.606456657089996,77.16606977754827,131.0,25.7,High,RD_028,Delhi
2025-08-27 20:28:12.516681,28.67596720975507,77.13975790201262,35.0,50.5,Low,RD_029,Delhi
2025-08-27 21:28:12.516681,28.631670100093327,77.06836825363283,72.0,42.4,Low,RD_030,Delhi
2025-08-27 22:28:12.516681,28.48036556412899,77.20068944273713,71.0,37.7,Low,RD_031,Delhi
2025-08-27 23:28:12.516681,28.651919785100596,77.0585279625969,33.0,43.1,Low,RD_032,Delhi
2025-08-28 00:28:12.516681,28.674958574528382,77.28500559636896,17.0,58.9,Low,RD_033,Delhi
2025-08-28 01:28:12.516681,28.669879044793106,77.21724397529346,23.0,57.1,Low,RD_034,Delhi
2025-08-28 02:28:12.516681,28.721978072555462,77.06324485005351,77.0,33.9,Low,RD_035,Delhi
2025-08-28 03:28:12.516681,28.69729221545489,77.17807909229502,48.0,47.6,Low,RD_036,Delhi
2025-08-28 04:28:12.516681,28.659818007922844,77.13378435944094,81.0,41.7,Medium,RD_037,Delhi
2025-08-28 05:28:12.516681,28.606883428854136,77.24091745104192,54.0,36.8,Low,RD_038,Delhi
2025-08-28 06:28:12.516681,28.447803906648403,77.34304504460232,50.0,42.0,Low,RD_039,Delhi
2025-08-28 07:28:12.516681,28.65686182191326,77.02148275303543,109.0,32.3,Medium,RD_040,Delhi
2025-08-28 08:28:12.516681,28.634668768716313,77.22050260791474,142.0,21.4,High,RD_041,Delhi
2025-08-28 09:28:12.516681,28.641057883719537,77.19298672044334,127.0,26.9,High,RD_042,Delhi
2025-08-28 10:28:12.516681,28.48622514241797,77.27613400764506,43.0,46.1,Low,RD_043,Delhi
2025-08-28 11:28:12.516681,28.505794345959174,77.23031966282377,36.0,51.2,Low,RD_044,Delhi
2025-08-28 12:28:12.516681,28.71921528533329,77.13380306682612,66.0,32.2,Low,RD_045,Delhi
2025-08-28 13:28:12.516681,28.609944484614335,77.17709460643334,44.0,39.8,Low,RD_046,Delhi
2025-08-28 14:28:12.516681,28.682050069737265,77.12939741431966,76.0,40.2,Low,RD_047,Delhi
2025-08-28 15:28:12.516681,28.61673183761305,77.31660071385987,48.0,47.6,Low,RD_048,Delhi
2025-08-28 16:28:12.516681,28.616875613949574,77.2111311648672,71.0,32.7,Low,RD_049,Delhi
2025-08-28 17:28:12.516681,28.7077283805976,77.3991190685753,134.0,28.8,High,RD_000,Delhi
2025-08-28 18:28:12.516681,28.562295527178264,77.20293391861854,109.0,20.3,Medium,RD_001,Delhi
2025-08-28 19:28:12.516681,28.623512077694098,77.13815932330895,102.0,34.4,Medium,RD_002,Delhi
2025-08-28 20:28:12.516681,28.567672471129498,77.05762856073872,47.0,39.9,Low,RD_003,Delhi
2025-08-28 21:28:12.516681,28.57045037725677,77.02868603237441,65.0,42.5,Low,RD_004,Delhi
2025-08-28 22:28:12.516681,28.582982787653137,77.05058640569945,50.0,36.0,Low,RD_005,Delhi
2025-08-28 23:28:12.516681,28.636113377163372,77.23571266510115,64.0,33.8,Low,RD_006,Delhi
2025-08-29 00:28:12.516681,28.566025137833652,77.25987250232299,77.0,29.9,Low,RD_007,Delhi
2025-08-29 01:28:12.516681,28.739475612557353,77.05088092979679,56.0,51.2,Low,RD_008,Delhi
2025-08-29 02:28:12.516681,28.52443926977805,77.29850383140761,65.0,35.5,Low,RD_009,Delhi
2025-08-29 03:28:12.516681,28.595212835583865,77.16069389483165,75.0,41.5,Low,RD_010,Delhi
2025-08-29 04:28:12.516681,28.569926894172582,77.22367930119856,53.0,42.1,Low,RD_011,Delhi
2025-08-29 05:28:12.516681,28.758597788435374,77.37022206282555,62.0,48.4,Low,RD_012,Delhi
2025-08-29 06:28:12.516681,28.633555477651157,77.29868393158655,34.0,58.8,Low,RD_013,Delhi
2025-08-29 07:28:12.516681,28.717084453946864,77.18214693520942,112.0,20.4,Medium,RD_014,Delhi
2025-08-29 08:28:12.516681,28.465343962696302,77.11988077745848,104.0,29.8,Medium,RD_015,Delhi
2025-08-29 09:28:12.516681,28.640605026586925,76.99381845986707,125.0,21.5,High,RD_016,Delhi
2025-08-29 10:28:12.516681,28.702863079562345,77.13708466807576,38.0,47.6,Low,RD_017,Delhi
2025-08-29 11:28:12.516681,28.622128398927543,77.18788697611723,60.0,38.0,Low,RD_018,Delhi
2025-08-29 12:28:12.516681,28.720448037506536,77.11028204728488,33.0,58.1,Low,RD_019,Delhi
2025-08-29 13:28:12.516681,28.562171154989965,77.19587430329078,71.0,30.7,Low,RD_020,Delhi
2025-08-29 14:28:12.516681,28.75483474401856,77.21668518829588,50.0,53.0,Low,RD_021,Delhi
2025-08-29 15:28:12.516681,28.843789812361926,77.1865144018192,60.0,33.0,Low,RD_022,Delhi
2025-08-29 16:28:12.516681,28.577616143956035,77.14399974191765,39.0,39.3,Low,RD_023,Delhi
2025-08-29 17:28:12.516681,28.569349747859924,77.22586546719667,104.0,34.8,Medium,RD_024,Delhi
2025-08-29 18:28:12.516681,28.75923844771177,77.25319406495694,126.0,27.2,High,RD_025,Delhi
2025-08-29 19:28:12.516681,28.77185721457307,77.09996009225571,163.0,11.1,High,RD_026,Delhi
2025-08-29 20:28:12.516681,28.561613997284674,77.35009323797463,53.0,34.1,Low,RD_027,Delhi
2025-08-29 21:28:12.516681,28.571881318290416,77.19914118677158,40.0,41.0,Low,RD_028,Delhi
2025-08-29 22:28:12.516681,28.58572153911395,77.21088496229449,41.0,51.7,Low,RD_029,Delhi
2025-08-29 23:28:12.516681,28.479454948896574,77.27982144232566,38.0,54.6,Low,RD_030,Delhi
2025-08-30 00:28:12.516681,28.52203480535158,77.23232161312636,11.0,46.7,Low,RD_031,Delhi
2025-08-30 01:28:12.516681,28.513485923324794,77.30431366339133,37.8,47.7,Low,RD_032,Delhi
2025-08-30 02:28:12.516681,28.53712024348959,77.23771241652018,6.199999999999999,57.1,Low,RD_033,Delhi
2025-08-30 03:28:12.516681,28.61043151126132,77.14775626253596,20.099999999999994,55.0,Low,RD_034,Delhi
2025-08-30 04:28:12.516681,28.637321473253653,77.24515035252061,38.599999999999994,48.4,Low,RD_035,Delhi
2025-08-30 05:28:12.516681,28.768950049281408,77.09462737926793,54.9,43.5,Low,RD_036,Delhi
2025-08-30 06:28:12.516681,28.514064595926122,77.21985597057765,25.0,54.5,Low,RD_037,Delhi
2025-08-30 07:28:12.516681,28.712332239847658,77.20567700093555,62.39999999999999,33.3,Low,RD_038,Delhi
2025-08-30 08:28:12.516681,28.59250111557745,77.18818831427275,104.69999999999999,34.6,Medium,RD_039,Delhi
2025-08-30 09:28:12.516681,28.608953629034758,77.19614624885611,98.69999999999999,35.4,Medium,RD_040,Delhi
2025-08-30 10:28:12.516681,28.68138194921666,77.02081509545025,16.0,64.2,Low,RD_041,Delhi
2025-08-30 11:28:12.516681,28.50162779784377,77.1541275092259,52.0,43.4,Low,RD_042,Delhi
2025-08-30 12:28:12.516681,28.652140974618405,77.21828449011412,56.0,40.2,Low,RD_043,Delhi
2025-08-30 13:28:12.516681,28.630545220821308,77.22498563919974,47.0,47.9,Low,RD_044,Delhi
2025-08-30 14:28:12.516681,28.663145126400817,77.10623248590741,55.0,42.5,Low,RD_045,Delhi
2025-08-30 15:28:12.516681,28.642816864390785,77.33557078408647,61.0,35.7,Low,RD_046,Delhi
2025-08-30 16:28:12.516681,28.85943001399109,77.12238251517856,30.0,53.0,Low,RD_047,Delhi
2025-08-30 17:28:12.516681,28.55012600157487,77.30594572005268,83.69999999999999,41.9,Medium,RD_048,Delhi
2025-08-30 18:28:12.516681,28.560800304499818,77.25171943618717,105.39999999999999,26.4,Medium,RD_049,Delhi
2025-08-30 19:28:12.516681,28.551585947357523,77.14437726901562,93.5,22.9,Medium,RD_000,Delhi
2025-08-30 20:28:12.516681,28.558352288083977,77.38653108926096,26.0,49.2,Low,RD_001,Delhi
2025-08-30 21:28:12.516681,28.55016128726935,77.08963631682435,23.0,54.1,Low,RD_002,Delhi
2025-08-30 22:28:12.516681,28.732801653110755,77.300915417361,26.5,51.0,Low,RD_003,Delhi
2025-08-30 23:28:12.516681,28.755950424798986,77.3090582318043,50.8,49.8,Low,RD_004,Delhi
2025-08-31 00:28:12.516681,28.556825370625052,77.14193797909233,52.3,35.3,Low,RD_005,Delhi
2025-08-31 01:28:12.516681,28.530664442689577,77.34824653000643,36.0,40.2,Low,RD_006,Delhi
2025-08-31 02:28:12.516681,28.66104155563864,77.18399534854011,30.799999999999997,41.8,Low,RD_007,Delhi
2025-08-31 03:28:12.516681,28.558677695571905,77.237869362928,34.599999999999994,50.6,Low,RD_008,Delhi
2025-08-31 04:28:12.516681,28.677193181775554,77.23503218387712,30.799999999999997,59.8,Low,RD_009,Delhi
2025-08-31 05:28:12.516681,28.634192302085133,77.19556912585296,58.599999999999994,41.4,Low,RD_010,Delhi
2025-08-31 06:28:12.516681,28.462325588500278,77.29008082731598,60.0,45.0,Low,RD_011,Delhi
2025-08-31 07:28:12.516681,28.768650520133008,77.28834887205522,92.19999999999999,35.3,Medium,RD_012,Delhi
2025-08-31 08:28:12.516681,28.793487767309554,77.03414680267619,84.1,29.8,Medium,RD_013,Delhi
2025-08-31 09:28:12.516681,28.55262113095156,77.33943402428781,118.5,17.5,Medium,RD_014,Delhi
2025-08-31 10:28:12.516681,28.5751298440064,77.04275080119643,36.0,52.2,Low,RD_015,Delhi
2025-08-31 11:28:12.516681,28.642486539072493,77.31225462043417,30.0,44.0,Low,RD_016,Delhi
2025-08-31 12:28:12.516681,28.647345678998704,77.32167051368276,39.0,38.3,Low,RD_017,Delhi
2025-08-31 13:28:12.516681,28.679754427267284,77.09990335697849,59.0,35.3,Low,RD_018,Delhi
2025-08-31 14:28:12.516681,28.814920453876635,77.16791857120454,34.0,56.8,Low,RD_019,Delhi
2025-08-31 15:28:12.516681,28.596205277250597,77.0984295331514,52.0,36.4,Low,RD_020,Delhi
2025-08-31 16:28:12.516681,28.534070275546156,77.18750789697113,37.0,50.9,Low,RD_021,Delhi
2025-08-31 17:28:12.516681,28.475968077198548,77.17819657158142,64.5,33.7,Low,RD_022,Delhi
2025-08-31 18:28:12.516681,28.54080699600581,77.28696605322693,103.0,37.1,Medium,RD_023,Delhi
2025-08-31 19:28:12.516681,28.61058730271262,77.34003087461197,97.1,33.9,Medium,RD_024,Delhi
2025-08-31 20:28:12.516681,28.79335578635178,77.348568381079,20.0,55.0,Low,RD_025,Delhi
2025-08-31 21:28:12.516681,28.562138870096383,77.15278319734217,30.0,57.0,Low,RD_026,Delhi
2025-08-31 22:28:12.516681,28.63627879516389,77.18807781262555,31.4,53.6,Low,RD_027,Delhi
2025-08-31 23:28:12.516681,28.612257710392726,77.0406561807779,26.599999999999994,55.0,Low,RD_028,Delhi
2025-09-01 00:28:12.516681,28.73273932734481,77.12841299335038,67.0,45.9,Low,RD_029,Delhi
2025-09-01 01:28:12.516681,28.866593242587363,77.30548516330975,64.0,41.8,Low,RD_030,Delhi
2025-09-01 02:28:12.516681,28.56081312270797,77.37055828235482,15.0,57.5,Low,RD_031,Delhi
2025-09-01 03:28:12.516681,28.56495605574818,77.085565112812,58.0,39.6,Low,RD_032,Delhi
2025-09-01 04:28:12.516681,28.71831608770691,77.14975357408471,49.0,49.3,Low,RD_033,Delhi
2025-09-01 05:28:12.516681,28.682089148962632,77.20635942430411,52.0,36.4,Low,RD_034,Delhi
2025-09-01 06:28:12.516681,28.798570732573605,77.23701611588196,46.0,54.2,Low,RD_035,Delhi
2025-09-01 07:28:12.516681,28.672292818532597,77.12803964800784,147.0,12.9,High,RD_036,Delhi
2025-09-01 08:28:12.516681,28.577970790921295,77.25140610444642,111.0,18.7,Medium,RD_037,Delhi
2025-09-01 09:28:12.516681,28.67296548306923,77.16161606529292,92.0,27.4,Medium,RD_038,Delhi
2025-09-01 10:28:12.516681,28.72477035805829,77.20755477291218,54.0,34.8,Low,RD_039,Delhi
2025-09-01 11:28:12.516681,28.69594821811974,77.26362842480037,74.0,31.8,Low,RD_040,Delhi
2025-09-01 12:28:12.516681,28.66462740311073,77.2096422269811,56.0,40.2,Low,RD_041,Delhi
2025-09-01 13:28:12.516681,28.720567468958915,77.16536141094734,30.0,60.0,Low,RD_042,Delhi
2025-09-01 14:28:12.516681,28.73082955904457,77.19803901960742,73.0,38.1,Low,RD_043,Delhi
2025-09-01 15:28:12.516681,28.752115899103753,77.20016370407947,68.0,43.6,Low,RD_044,Delhi
2025-09-01 16:28:12.516681,28.678770988758966,77.17199889701179,53.0,44.1,Low,RD_045,Delhi
2025-09-01 17:28:12.516681,28.597188191968314,77.18312039373329,133.0,25.1,High,RD_046,Delhi
2025-09-01 18:28:12.516681,28.628571368643332,77.36886471705047,133.0,23.1,High,RD_047,Delhi
2025-09-01 19:28:12.516681,28.734550896650838,77.26509194479412,82.0,39.4,Medium,RD_048,Delhi
2025-09-01 20:28:12.516681,28.532206432901276,77.17945196819709,30.0,57.0,Low,RD_049,Delhi
2025-09-01 21:28:12.516681,28.65076733088729,77.27869544045107,31.0,59.7,Low,RD_000,Delhi
2025-09-01 22:28:12.516681,28.574566118767265,77.1756180510244,22.0,58.4,Low,RD_001,Delhi
2025-09-01 23:28:12.516681,28.616774482293483,77.32631246375867,60.0,34.0,Low,RD_002,Delhi
2025-09-02 00:28:12.516681,28.74174518626073,77.24596421921981,71.0,32.7,Low,RD_003,Delhi
2025-09-02 01:28:12.516681,28.63300990680199,77.19826978559958,79.0,37.3,Low,RD_004,Delhi
2025-09-02 02:28:12.516681,28.618543654815618,77.25377169258103,73.0,47.1,Low,RD_005,Delhi
2025-09-02 03:28:12.516681,28.477914385902007,77.05191238479316,56.0,36.2,Low,RD_006,Delhi
2025-09-02 04:28:12.516681,28.688525356602725,77.09632325310902,46.0,41.2,Low,RD_007,Delhi
2025-09-02 05:28:12.516681,28.678448418114108,77.0896074993601,80.0,36.0,Low,RD_008,Delhi
2025-09-02 06:28:12.516681,28.830225472330547,77.22329430947637,42.0,49.4,Low,RD_009,Delhi
2025-09-02 07:28:12.516681,28.583122176504702,77.38225149994851,128.0,30.6,High,RD_010,Delhi
2025-09-02 08:28:12.516681,28.635815032766395,77.43213001461926,170.0,9.0,High,RD_011,Delhi
2025-09-02 09:28:12.516681,28.638838368371076,77.27280511014408,105.0,37.5,Medium,RD_012,Delhi
2025-09-02 10:28:12.516681,28.771645327976348,77.25908444749444,37.0,47.9,Low,RD_013,Delhi
2025-09-02 11:28:12.516681,28.604370446761305,77.02889422658473,55.0,48.5,Low,RD_014,Delhi
2025-09-02 12:28:12.516681,28.641802152577036,77.1547326200266,55.0,43.5,Low,RD_015,Delhi
2025-09-02 13:28:12.516681,28.674689650971654,77.13022162480918,42.0,45.4,Low,RD_016,Delhi
2025-09-02 14:28:12.516681,28.632560912315636,77.14691524017489,49.0,53.3,Low,RD_017,Delhi
2025-09-02 15:28:12.516681,28.56925663854495,77.19218561814152,77.0,32.9,Low,RD_018,Delhi
2025-09-02 16:28:12.516681,28.63330899928983,77.1617909422303,41.0,51.7,Low,RD_019,Delhi
2025-09-02 17:28:12.516681,28.721263174985978,77.01107001896243,123.0,23.1,High,RD_020,Delhi
2025-09-02 18:28:12.516681,28.511248470058895,77.28379102561176,146.0,16.2,High,RD_021,Delhi
2025-09-02 19:28:12.516681,28.62719696741469,77.10172569742602,150.0,15.0,High,RD_022,Delhi
2025-09-02 20:28:12.516681,28.543887918506083,77.23292468641112,48.0,40.6,Low,RD_023,Delhi
2025-09-02 21:28:12.516681,28.733404662892486,77.416408266975,75.0,46.5,Low,RD_024,Delhi
2025-09-02 22:28:12.516681,28.461581309521623,77.11706154084136,63.0,40.1,Low,RD_025,Delhi
2025-09-02 23:28:12.516681,28.55800781527284,76.95597124772537,37.0,40.9,Low,RD_026,Delhi
2025-09-03 00:28:12.516681,28.651621187506453,77.180399577812,24.0,61.8,Low,RD_027,Delhi
2025-09-03 01:28:12.516681,28.770452402923436,77.31909596349986,77.0,32.9,Low,RD_028,Delhi
2025-09-03 02:28:12.516681,28.607324973892702,77.40483474542206,58.0,35.6,Low,RD_029,Delhi
2025-09-03 03:28:12.516681,28.55838004733068,77.08604504055477,45.0,41.5,Low,RD_030,Delhi
2025-09-03 04:28:12.516681,28.80201570694406,77.25866992232366,34.0,49.8,Low,RD_031,Delhi
2025-09-03 05:28:12.516681,28.469098609958376,77.162468954322,64.0,43.8,Low,RD_032,Delhi
2025-09-03 06:28:12.516681,28.394019404337993,77.19840516456959,53.0,49.1,Low,RD_033,Delhi
2025-09-03 07:28:12.516681,28.657901445005333,77.47343433470171,116.0,34.2,Medium,RD_034,Delhi
2025-09-03 08:28:12.516681,28.56369457756474,77.05870296716049,93.0,38.1,Medium,RD_035,Delhi
2025-09-03 09:28:12.516681,28.511776718286928,77.23437396614946,131.0,20.7,High,RD_036,Delhi
2025-09-03 10:28:12.516681,28.684735644729937,77.25576931717654,57.0,40.9,Low,RD_037,Delhi
2025-09-03 11:28:12.516681,28.63828007137712,77.31757863249393,52.0,46.4,Low,RD_038,Delhi
2025-09-03 12:28:12.516681,28.557492136926328,77.21879831534709,52.0,51.4,Low,RD_039,Delhi
2025-09-03 13:28:12.516681,28.48586956013291,77.23980505395042,57.0,42.9,Low,RD_040,Delhi
2025-09-03 14:28:12.516681,28.701145732828014,77.16983514325783,76.0,45.2,Low,RD_041,Delhi
2025-09-03 15:28:12.516681,28.67892011779587,77.23591269412451,62.0,34.4,Low,RD_042,Delhi
2025-09-03 16:28:12.516681,28.603982413622063,77.17468077245026,43.0,50.1,Low,RD_043,Delhi
2025-09-03 17:28:12.516681,28.798563699604767,77.27115718898561,143.0,23.1,High,RD_044,Delhi
2025-09-03 18:28:12.516681,28.506891523367386,77.17203896639565,97.0,33.9,Medium,RD_045,Delhi
2025-09-03 19:28:12.516681,28.461347482907527,77.24671003939022,137.0,20.9,High,RD_046,Delhi
2025-09-03 20:28:12.516681,28.544709193011876,77.2060737186315,44.0,49.8,Low,RD_047,Delhi
2025-09-03 21:28:12.516681,28.60934139836445,77.32160502507722,54.0,51.8,Low,RD_048,Delhi
2025-09-03 22:28:12.516681,28.63823394493227,77.20386062764115,56.0,47.2,Low,RD_049,Delhi
2025-09-03 23:28:12.516681,28.58977639421437,77.03169675317932,67.0,38.9,Low,RD_000,Delhi
2025-09-04 00:28:12.516681,28.64910553965143,77.3351921500714,37.0,54.9,Low,RD_001,Delhi
2025-09-04 01:28:12.516681,28.488746057580958,77.11842676991374,75.0,35.5,Low,RD_002,Delhi
2025-09-04 02:28:12.516681,28.758276460407327,77.14362336613512,28.0,47.6,Low,RD_003,Delhi
2025-09-04 03:28:12.516681,28.605684882160745,77.14943387059566,74.0,32.8,Low,RD_004,Delhi
2025-09-04 04:28:12.516681,28.725629583158813,77.34644380931708,68.0,29.6,Low,RD_005,Delhi
2025-09-04 05:28:12.516681,28.648172534637773,76.99543257860213,54.0,36.8,Low,RD_006,Delhi
2025-09-04 06:28:12.516681,28.65957532191538,77.522774853366,46.0,39.2,Low,RD_007,Delhi
2025-09-04 07:28:12.516681,28.67087672802322,77.31460568090661,147.0,8.9,High,RD_008,Delhi
2025-09-04 08:28:12.516681,28.658670856001734,77.23132389141291,86.0,41.2,Medium,RD_009,Delhi
2025-09-04 09:28:12.516681,28.678172275986757,77.20351059993837,122.0,20.4,High,RD_010,Delhi
2025-09-04 10:28:12.516681,28.746815253013246,77.23755540748577,53.0,52.1,Low,RD_011,Delhi
2025-09-04 11:28:12.516681,28.633552116970147,77.26111224283794,65.0,47.5,Low,RD_012,Delhi
2025-09-04 12:28:12.516681,28.68480037575885,77.27352155859501,72.0,41.4,Low,RD_013,Delhi
2025-09-04 13:28:12.516681,28.60492643057128,77.26456044660034,47.0,50.9,Low,RD_014,Delhi
2025-09-04 14:28:12.516681,28.75791172154495,77.21795806812553,64.0,44.8,Low,RD_015,Delhi
2025-09-04 15:28:12.516681,28.546260769794074,77.18926615796927,60.0,35.0,Low,RD_016,Delhi
2025-09-04 16:28:12.516681,28.793994043291082,77.19387267163465,66.0,46.2,Low,RD_017,Delhi
2025-09-04 17:28:12.516681,28.609884204935568,77.18950917196473,165.0,13.5,High,RD_018,Delhi
2025-09-04 18:28:12.516681,28.470822489788198,77.3223770096867,152.0,10.4,High,RD_019,Delhi
2025-09-04 19:28:12.516681,28.62671044149108,77.26835567222808,123.0,23.1,High,RD_020,Delhi
2025-09-04 20:28:12.516681,28.54579483425251,76.91496113653358,31.0,51.7,Low,RD_021,Delhi
2025-09-04 21:28:12.516681,28.697964354898872,77.27459007765297,41.0,40.7,Low,RD_022,Delhi
2025-09-04 22:28:12.516681,28.54863760206976,77.22847361947188,52.0,40.4,Low,RD_023,Delhi
2025-09-04 23:28:12.516681,28.569281656678523,77.20712912435542,38.0,50.6,Low,RD_024,Delhi
2025-09-05 00:28:12.516681,28.424945926905448,77.17014815469112,20.0,55.0,Low,RD_025,Delhi
2025-09-05 01:28:12.516681,28.568669368075092,77.3214112719986,40.0,56.0,Low,RD_026,Delhi
2025-09-05 02:28:12.516681,28.371512067337104,77.30375264621229,31.0,44.7,Low,RD_027,Delhi
2025-09-05 03:28:12.516681,28.455509717651427,77.13171223321764,80.0,26.0,Low,RD_028,Delhi
2025-09-05 04:28:12.516681,28.68994146561443,77.24970522871246,55.0,44.5,Low,RD_029,Delhi
2025-09-05 05:28:12.516681,28.692480015865083,77.11183432654587,60.0,38.0,Low,RD_030,Delhi
2025-09-05 06:28:12.516681,28.6564457561785,77.07103818352111,38.0,49.6,Low,RD_031,Delhi
2025-09-05 07:28:12.516681,28.517202385687078,77.146328277541,140.0,18.0,High,RD_032,Delhi
2025-09-05 08:28:12.516681,28.609128864385802,77.29523934723828,95.0,40.5,Medium,RD_033,Delhi
2025-09-05 09:28:12.516681,28.613539746090943,77.3043125045376,161.0,18.7,High,RD_034,Delhi
2025-09-05 10:28:12.516681,28.498063531080746,77.26030854200974,32.0,46.4,Low,RD_035,Delhi
2025-09-05 11:28:12.516681,28.764239830176717,77.2815095786848,72.0,45.4,Low,RD_036,Delhi
2025-09-05 12:28:12.516681,28.701636229057566,77.2606178287115,73.0,33.1,Low,RD_037,Delhi
2025-09-05 13:28:12.516681,28.591803582617036,77.14485184047771,66.0,30.2,Low,RD_038,Delhi
2025-09-05 14:28:12.516681,28.616588583899453,77.2521922544674,73.0,38.1,Low,RD_039,Delhi
2025-09-05 15:28:12.516681,28.634738280794757,77.28904095252277,33.0,57.1,Low,RD_040,Delhi
2025-09-05 16:28:12.516681,28.409726513157572,77.28442913298136,33.0,56.1,Low,RD_041,Delhi
2025-09-05 17:28:12.516681,28.58918226174794,77.32789133714746,141.0,8.7,High,RD_042,Delhi
2025-09-05 18:28:12.516681,28.545701575200223,77.27983038472011,128.0,20.6,High,RD_043,Delhi
2025-09-05 19:28:12.516681,28.51373799901051,77.24414482075416,124.0,27.8,High,RD_044,Delhi
2025-09-05 20:28:12.516681,28.585789970711406,77.31601502383164,60.0,45.0,Low,RD_045,Delhi
2025-09-05 21:28:12.516681,28.793668652684953,77.20634787407509,68.0,47.6,Low,RD_046,Delhi
2025-09-05 22:28:12.516681,28.6779842861267,77.12081253487723,80.0,34.0,Low,RD_047,Delhi
2025-09-05 23:28:12.516681,28.55678210102172,77.19269330360562,79.0,30.3,Low,RD_048,Delhi
2025-09-06 00:28:12.516681,28.671158278135618,77.13450973551936,20.4,52.9,Low,RD_049,Delhi
